name,position_title,location,birth_date
Alice Johnson,Backend Engineer,Taipei,1994-03-15
Brian Lee,Product Manager,Kaohsiung,1989-11-02
Clara Chen,UX Designer,Taichung,1996-07-28
Person 0004,Frontend Engineer,Hsinchu,1974-05-05
Person 0005,QA Engineer,Keelung,1975-06-06
Person 0006,DevOps Engineer,Chiayi,1976-07-07
Person 0007,Technical Writer,Miaoli,1977-08-08
Person 0008,Backend Engineer,Taipei,1978-09-09
Person 0009,Product Manager,Kaohsiung,1979-10-10
Person 0010,UX Designer,Taichung,1980-11-11
Person 0011,Data Analyst,Tainan,1981-12-12
Person 0012,Frontend Engineer,Hsinchu,1982-01-13
Person 0013,QA Engineer,Keelung,1983-02-14
Person 0014,DevOps Engineer,Chiayi,1984-03-15
Person 0015,Technical Writer,Miaoli,1985-04-16
Person 0016,Backend Engineer,Taipei,1986-05-17
Person 0017,Product Manager,Kaohsiung,1987-06-18
Person 0018,UX Designer,Taichung,1988-07-19
Person 0019,Data Analyst,Tainan,1989-08-20
Person 0020,Frontend Engineer,Hsinchu,1990-09-21
Person 0021,QA Engineer,Keelung,1991-10-22
Person 0022,DevOps Engineer,Chiayi,1992-11-23
Person 0023,Technical Writer,Miaoli,1993-12-24
Person 0024,Backend Engineer,Taipei,1994-01-25
Person 0025,Product Manager,Kaohsiung,1995-02-26
Person 0026,UX Designer,Taichung,1996-03-27
Person 0027,Data Analyst,Tainan,1997-04-28
Person 0028,Frontend Engineer,Hsinchu,1998-05-01
Person 0029,QA Engineer,Keelung,1999-06-02
Person 0030,DevOps Engineer,Chiayi,2000-07-03
Person 0031,Technical Writer,Miaoli,2001-08-04
Person 0032,Backend Engineer,Taipei,2002-09-05
Person 0033,Product Manager,Kaohsiung,2003-10-06
Person 0034,UX Designer,Taichung,2004-11-07
Person 0035,Data Analyst,Tainan,1970-12-08
Person 0036,Frontend Engineer,Hsinchu,1971-01-09
Person 0037,QA Engineer,Keelung,1972-02-10
Person 0038,DevOps Engineer,Chiayi,1973-03-11
Person 0039,Technical Writer,Miaoli,1974-04-12
Person 0040,Backend Engineer,Taipei,1975-05-13
Person 0041,Product Manager,Kaohsiung,1976-06-14
Person 0042,UX Designer,Taichung,1977-07-15
Person 0043,Data Analyst,Tainan,1978-08-16
Person 0044,Frontend Engineer,Hsinchu,1979-09-17
Person 0045,QA Engineer,Keelung,1980-10-18
Person 0046,DevOps Engineer,Chiayi,1981-11-19
Person 0047,Technical Writer,Miaoli,1982-12-20
Person 0048,Backend Engineer,Taipei,1983-01-21
Person 0049,Product Manager,Kaohsiung,1984-02-22
Person 0050,UX Designer,Taichung,1985-03-23
Person 0051,Data Analyst,Tainan,1986-04-24
Person 0052,Frontend Engineer,Hsinchu,1987-05-25
Person 0053,QA Engineer,Keelung,1988-06-26
Person 0054,DevOps Engineer,Chiayi,1989-07-27
Person 0055,Technical Writer,Miaoli,1990-08-28
Person 0056,Backend Engineer,Taipei,1991-09-01
Person 0057,Product Manager,Kaohsiung,1992-10-02
Person 0058,UX Designer,Taichung,1993-11-03
Person 0059,Data Analyst,Tainan,1994-12-04
Person 0060,Frontend Engineer,Hsinchu,1995-01-05
Person 0061,QA Engineer,Keelung,1996-02-06
Person 0062,DevOps Engineer,Chiayi,1997-03-07
Person 0063,Technical Writer,Miaoli,1998-04-08
Person 0064,Backend Engineer,Taipei,1999-05-09
Person 0065,Product Manager,Kaohsiung,2000-06-10
Person 0066,UX Designer,Taichung,2001-07-11
Person 0067,Data Analyst,Tainan,2002-08-12
Person 0068,Frontend Engineer,Hsinchu,2003-09-13
Person 0069,QA Engineer,Keelung,2004-10-14
Person 0070,DevOps Engineer,Chiayi,1970-11-15
Person 0071,Technical Writer,Miaoli,1971-12-16
Person 0072,Backend Engineer,Taipei,1972-01-17
Person 0073,Product Manager,Kaohsiung,1973-02-18
Person 0074,UX Designer,Taichung,1974-03-19
Person 0075,Data Analyst,Tainan,1975-04-20
Person 0076,Frontend Engineer,Hsinchu,1976-05-21
Person 0077,QA Engineer,Keelung,1977-06-22
Person 0078,DevOps Engineer,Chiayi,1978-07-23
Person 0079,Technical Writer,Miaoli,1979-08-24
Person 0080,Backend Engineer,Taipei,1980-09-25
Person 0081,Product Manager,Kaohsiung,1981-10-26
Person 0082,UX Designer,Taichung,1982-11-27
Person 0083,Data Analyst,Tainan,1983-12-28
Person 0084,Frontend Engineer,Hsinchu,1984-01-01
Person 0085,QA Engineer,Keelung,1985-02-02
Person 0086,DevOps Engineer,Chiayi,1986-03-03
Person 0087,Technical Writer,Miaoli,1987-04-04
Person 0088,Backend Engineer,Taipei,1988-05-05
Person 0089,Product Manager,Kaohsiung,1989-06-06
Person 0090,UX Designer,Taichung,1990-07-07
Person 0091,Data Analyst,Tainan,1991-08-08
Person 0092,Frontend Engineer,Hsinchu,1992-09-09
Person 0093,QA Engineer,Keelung,1993-10-10
Person 0094,DevOps Engineer,Chiayi,1994-11-11
Person 0095,Technical Writer,Miaoli,1995-12-12
Person 0096,Backend Engineer,Taipei,1996-01-13
Person 0097,Product Manager,Kaohsiung,1997-02-14
Person 0098,UX Designer,Taichung,1998-03-15
Person 0099,Data Analyst,Tainan,1999-04-16
Person 0100,Frontend Engineer,Hsinchu,2000-05-17
Person 0101,QA Engineer,Keelung,2001-06-18
Person 0102,DevOps Engineer,Chiayi,2002-07-19
Person 0103,Technical Writer,Miaoli,2003-08-20
Person 0104,Backend Engineer,Taipei,2004-09-21
Person 0105,Product Manager,Kaohsiung,1970-10-22
Person 0106,UX Designer,Taichung,1971-11-23
Person 0107,Data Analyst,Tainan,1972-12-24
Person 0108,Frontend Engineer,Hsinchu,1973-01-25
Person 0109,QA Engineer,Keelung,1974-02-26
Person 0110,DevOps Engineer,Chiayi,1975-03-27
Person 0111,Technical Writer,Miaoli,1976-04-28
Person 0112,Backend Engineer,Taipei,1977-05-01
Person 0113,Product Manager,Kaohsiung,1978-06-02
Person 0114,UX Designer,Taichung,1979-07-03
Person 0115,Data Analyst,Tainan,1980-08-04
Person 0116,Frontend Engineer,Hsinchu,1981-09-05
Person 0117,QA Engineer,Keelung,1982-10-06
Person 0118,DevOps Engineer,Chiayi,1983-11-07
Person 0119,Technical Writer,Miaoli,1984-12-08
Person 0120,Backend Engineer,Taipei,1985-01-09
Person 0121,Product Manager,Kaohsiung,1986-02-10
Person 0122,UX Designer,Taichung,1987-03-11
Person 0123,Data Analyst,Tainan,1988-04-12
Person 0124,Frontend Engineer,Hsinchu,1989-05-13
Person 0125,QA Engineer,Keelung,1990-06-14
Person 0126,DevOps Engineer,Chiayi,1991-07-15
Person 0127,Technical Writer,Miaoli,1992-08-16
Person 0128,Backend Engineer,Taipei,1993-09-17
Person 0129,Product Manager,Kaohsiung,1994-10-18
Person 0130,UX Designer,Taichung,1995-11-19
Person 0131,Data Analyst,Tainan,1996-12-20
Person 0132,Frontend Engineer,Hsinchu,1997-01-21
Person 0133,QA Engineer,Keelung,1998-02-22
Person 0134,DevOps Engineer,Chiayi,1999-03-23
Person 0135,Technical Writer,Miaoli,2000-04-24
Person 0136,Backend Engineer,Taipei,2001-05-25
Person 0137,Product Manager,Kaohsiung,2002-06-26
Person 0138,UX Designer,Taichung,2003-07-27
Person 0139,Data Analyst,Tainan,2004-08-28
Person 0140,Frontend Engineer,Hsinchu,1970-09-01
Person 0141,QA Engineer,Keelung,1971-10-02
Person 0142,DevOps Engineer,Chiayi,1972-11-03
Person 0143,Technical Writer,Miaoli,1973-12-04
Person 0144,Backend Engineer,Taipei,1974-01-05
Person 0145,Product Manager,Kaohsiung,1975-02-06
Person 0146,UX Designer,Taichung,1976-03-07
Person 0147,Data Analyst,Tainan,1977-04-08
Person 0148,Frontend Engineer,Hsinchu,1978-05-09
Person 0149,QA Engineer,Keelung,1979-06-10
Person 0150,DevOps Engineer,Chiayi,1980-07-11
Person 0151,Technical Writer,Miaoli,1981-08-12
Person 0152,Backend Engineer,Taipei,1982-09-13
Person 0153,Product Manager,Kaohsiung,1983-10-14
Person 0154,UX Designer,Taichung,1984-11-15
Person 0155,Data Analyst,Tainan,1985-12-16
Person 0156,Frontend Engineer,Hsinchu,1986-01-17
Person 0157,QA Engineer,Keelung,1987-02-18
Person 0158,DevOps Engineer,Chiayi,1988-03-19
Person 0159,Technical Writer,Miaoli,1989-04-20
Person 0160,Backend Engineer,Taipei,1990-05-21
Person 0161,Product Manager,Kaohsiung,1991-06-22
Person 0162,UX Designer,Taichung,1992-07-23
Person 0163,Data Analyst,Tainan,1993-08-24
Person 0164,Frontend Engineer,Hsinchu,1994-09-25
Person 0165,QA Engineer,Keelung,1995-10-26
Person 0166,DevOps Engineer,Chiayi,1996-11-27
Person 0167,Technical Writer,Miaoli,1997-12-28
Person 0168,Backend Engineer,Taipei,1998-01-01
Person 0169,Product Manager,Kaohsiung,1999-02-02
Person 0170,UX Designer,Taichung,2000-03-03
Person 0171,Data Analyst,Tainan,2001-04-04
Person 0172,Frontend Engineer,Hsinchu,2002-05-05
Person 0173,QA Engineer,Keelung,2003-06-06
Person 0174,DevOps Engineer,Chiayi,2004-07-07
Person 0175,Technical Writer,Miaoli,1970-08-08
Person 0176,Backend Engineer,Taipei,1971-09-09
Person 0177,Product Manager,Kaohsiung,1972-10-10
Person 0178,UX Designer,Taichung,1973-11-11
Person 0179,Data Analyst,Tainan,1974-12-12
Person 0180,Frontend Engineer,Hsinchu,1975-01-13
Person 0181,QA Engineer,Keelung,1976-02-14
Person 0182,DevOps Engineer,Chiayi,1977-03-15
Person 0183,Technical Writer,Miaoli,1978-04-16
Person 0184,Backend Engineer,Taipei,1979-05-17
Person 0185,Product Manager,Kaohsiung,1980-06-18
Person 0186,UX Designer,Taichung,1981-07-19
Person 0187,Data Analyst,Tainan,1982-08-20
Person 0188,Frontend Engineer,Hsinchu,1983-09-21
Person 0189,QA Engineer,Keelung,1984-10-22
Person 0190,DevOps Engineer,Chiayi,1985-11-23
Person 0191,Technical Writer,Miaoli,1986-12-24
Person 0192,Backend Engineer,Taipei,1987-01-25
Person 0193,Product Manager,Kaohsiung,1988-02-26
Person 0194,UX Designer,Taichung,1989-03-27
Person 0195,Data Analyst,Tainan,1990-04-28
Person 0196,Frontend Engineer,Hsinchu,1991-05-01
Person 0197,QA Engineer,Keelung,1992-06-02
Person 0198,DevOps Engineer,Chiayi,1993-07-03
Person 0199,Technical Writer,Miaoli,1994-08-04
Person 0200,Backend Engineer,Taipei,1995-09-05
Person 0201,Product Manager,Kaohsiung,1996-10-06
Person 0202,UX Designer,Taichung,1997-11-07
Person 0203,Data Analyst,Tainan,1998-12-08
Person 0204,Frontend Engineer,Hsinchu,1999-01-09
Person 0205,QA Engineer,Keelung,2000-02-10
Person 0206,DevOps Engineer,Chiayi,2001-03-11
Person 0207,Technical Writer,Miaoli,2002-04-12
Person 0208,Backend Engineer,Taipei,2003-05-13
Person 0209,Product Manager,Kaohsiung,2004-06-14
Person 0210,UX Designer,Taichung,1970-07-15
Person 0211,Data Analyst,Tainan,1971-08-16
Person 0212,Frontend Engineer,Hsinchu,1972-09-17
Person 0213,QA Engineer,Keelung,1973-10-18
Person 0214,DevOps Engineer,Chiayi,1974-11-19
Person 0215,Technical Writer,Miaoli,1975-12-20
Person 0216,Backend Engineer,Taipei,1976-01-21
Person 0217,Product Manager,Kaohsiung,1977-02-22
Person 0218,UX Designer,Taichung,1978-03-23
Person 0219,Data Analyst,Tainan,1979-04-24
Person 0220,Frontend Engineer,Hsinchu,1980-05-25
Person 0221,QA Engineer,Keelung,1981-06-26
Person 0222,DevOps Engineer,Chiayi,1982-07-27
Person 0223,Technical Writer,Miaoli,1983-08-28
Person 0224,Backend Engineer,Taipei,1984-09-01
Person 0225,Product Manager,Kaohsiung,1985-10-02
Person 0226,UX Designer,Taichung,1986-11-03
Person 0227,Data Analyst,Tainan,1987-12-04
Person 0228,Frontend Engineer,Hsinchu,1988-01-05
Person 0229,QA Engineer,Keelung,1989-02-06
Person 0230,DevOps Engineer,Chiayi,1990-03-07
Person 0231,Technical Writer,Miaoli,1991-04-08
Person 0232,Backend Engineer,Taipei,1992-05-09
Person 0233,Product Manager,Kaohsiung,1993-06-10
Person 0234,UX Designer,Taichung,1994-07-11
Person 0235,Data Analyst,Tainan,1995-08-12
Person 0236,Frontend Engineer,Hsinchu,1996-09-13
Person 0237,QA Engineer,Keelung,1997-10-14
Person 0238,DevOps Engineer,Chiayi,1998-11-15
Person 0239,Technical Writer,Miaoli,1999-12-16
Person 0240,Backend Engineer,Taipei,2000-01-17
Person 0241,Product Manager,Kaohsiung,2001-02-18
Person 0242,UX Designer,Taichung,2002-03-19
Person 0243,Data Analyst,Tainan,2003-04-20
Person 0244,Frontend Engineer,Hsinchu,2004-05-21
Person 0245,QA Engineer,Keelung,1970-06-22
Person 0246,DevOps Engineer,Chiayi,1971-07-23
Person 0247,Technical Writer,Miaoli,1972-08-24
Person 0248,Backend Engineer,Taipei,1973-09-25
Person 0249,Product Manager,Kaohsiung,1974-10-26
Person 0250,UX Designer,Taichung,1975-11-27
Person 0251,Data Analyst,Tainan,1976-12-28
Person 0252,Frontend Engineer,Hsinchu,1977-01-01
Person 0253,QA Engineer,Keelung,1978-02-02
Person 0254,DevOps Engineer,Chiayi,1979-03-03
Person 0255,Technical Writer,Miaoli,1980-04-04
Person 0256,Backend Engineer,Taipei,1981-05-05
Person 0257,Product Manager,Kaohsiung,1982-06-06
Person 0258,UX Designer,Taichung,1983-07-07
Person 0259,Data Analyst,Tainan,1984-08-08
Person 0260,Frontend Engineer,Hsinchu,1985-09-09
Person 0261,QA Engineer,Keelung,1986-10-10
Person 0262,DevOps Engineer,Chiayi,1987-11-11
Person 0263,Technical Writer,Miaoli,1988-12-12
Person 0264,Backend Engineer,Taipei,1989-01-13
Person 0265,Product Manager,Kaohsiung,1990-02-14
Person 0266,UX Designer,Taichung,1991-03-15
Person 0267,Data Analyst,Tainan,1992-04-16
Person 0268,Frontend Engineer,Hsinchu,1993-05-17
Person 0269,QA Engineer,Keelung,1994-06-18
Person 0270,DevOps Engineer,Chiayi,1995-07-19
Person 0271,Technical Writer,Miaoli,1996-08-20
Person 0272,Backend Engineer,Taipei,1997-09-21
Person 0273,Product Manager,Kaohsiung,1998-10-22
Person 0274,UX Designer,Taichung,1999-11-23
Person 0275,Data Analyst,Tainan,2000-12-24
Person 0276,Frontend Engineer,Hsinchu,2001-01-25
Person 0277,QA Engineer,Keelung,2002-02-26
Person 0278,DevOps Engineer,Chiayi,2003-03-27
Person 0279,Technical Writer,Miaoli,2004-04-28
Person 0280,Backend Engineer,Taipei,1970-05-01
Person 0281,Product Manager,Kaohsiung,1971-06-02
Person 0282,UX Designer,Taichung,1972-07-03
Person 0283,Data Analyst,Tainan,1973-08-04
Person 0284,Frontend Engineer,Hsinchu,1974-09-05
Person 0285,QA Engineer,Keelung,1975-10-06
Person 0286,DevOps Engineer,Chiayi,1976-11-07
Person 0287,Technical Writer,Miaoli,1977-12-08
Person 0288,Backend Engineer,Taipei,1978-01-09
Person 0289,Product Manager,Kaohsiung,1979-02-10
Person 0290,UX Designer,Taichung,1980-03-11
Person 0291,Data Analyst,Tainan,1981-04-12
Person 0292,Frontend Engineer,Hsinchu,1982-05-13
Person 0293,QA Engineer,Keelung,1983-06-14
Person 0294,DevOps Engineer,Chiayi,1984-07-15
Person 0295,Technical Writer,Miaoli,1985-08-16
Person 0296,Backend Engineer,Taipei,1986-09-17
Person 0297,Product Manager,Kaohsiung,1987-10-18
Person 0298,UX Designer,Taichung,1988-11-19
Person 0299,Data Analyst,Tainan,1989-12-20
Person 0300,Frontend Engineer,Hsinchu,1990-01-21
Person 0301,QA Engineer,Keelung,1991-02-22
Person 0302,DevOps Engineer,Chiayi,1992-03-23
Person 0303,Technical Writer,Miaoli,1993-04-24
Person 0304,Backend Engineer,Taipei,1994-05-25
Person 0305,Product Manager,Kaohsiung,1995-06-26
Person 0306,UX Designer,Taichung,1996-07-27
Person 0307,Data Analyst,Tainan,1997-08-28
Person 0308,Frontend Engineer,Hsinchu,1998-09-01
Person 0309,QA Engineer,Keelung,1999-10-02
Person 0310,DevOps Engineer,Chiayi,2000-11-03
Person 0311,Technical Writer,Miaoli,2001-12-04
Person 0312,Backend Engineer,Taipei,2002-01-05
Person 0313,Product Manager,Kaohsiung,2003-02-06
Person 0314,UX Designer,Taichung,2004-03-07
Person 0315,Data Analyst,Tainan,1970-04-08
Person 0316,Frontend Engineer,Hsinchu,1971-05-09
Person 0317,QA Engineer,Keelung,1972-06-10
Person 0318,DevOps Engineer,Chiayi,1973-07-11
Person 0319,Technical Writer,Miaoli,1974-08-12
Person 0320,Backend Engineer,Taipei,1975-09-13
Person 0321,Product Manager,Kaohsiung,1976-10-14
Person 0322,UX Designer,Taichung,1977-11-15
Person 0323,Data Analyst,Tainan,1978-12-16
Person 0324,Frontend Engineer,Hsinchu,1979-01-17
Person 0325,QA Engineer,Keelung,1980-02-18
Person 0326,DevOps Engineer,Chiayi,1981-03-19
Person 0327,Technical Writer,Miaoli,1982-04-20
Person 0328,Backend Engineer,Taipei,1983-05-21
Person 0329,Product Manager,Kaohsiung,1984-06-22
Person 0330,UX Designer,Taichung,1985-07-23
Person 0331,Data Analyst,Tainan,1986-08-24
Person 0332,Frontend Engineer,Hsinchu,1987-09-25
Person 0333,QA Engineer,Keelung,1988-10-26
Person 0334,DevOps Engineer,Chiayi,1989-11-27
Person 0335,Technical Writer,Miaoli,1990-12-28
Person 0336,Backend Engineer,Taipei,1991-01-01
Person 0337,Product Manager,Kaohsiung,1992-02-02
Person 0338,UX Designer,Taichung,1993-03-03
Person 0339,Data Analyst,Tainan,1994-04-04
Person 0340,Frontend Engineer,Hsinchu,1995-05-05
Person 0341,QA Engineer,Keelung,1996-06-06
Person 0342,DevOps Engineer,Chiayi,1997-07-07
Person 0343,Technical Writer,Miaoli,1998-08-08
Person 0344,Backend Engineer,Taipei,1999-09-09
Person 0345,Product Manager,Kaohsiung,2000-10-10
Person 0346,UX Designer,Taichung,2001-11-11
Person 0347,Data Analyst,Tainan,2002-12-12
Person 0348,Frontend Engineer,Hsinchu,2003-01-13
Person 0349,QA Engineer,Keelung,2004-02-14
Person 0350,DevOps Engineer,Chiayi,1970-03-15
Person 0351,Technical Writer,Miaoli,1971-04-16
Person 0352,Backend Engineer,Taipei,1972-05-17
Person 0353,Product Manager,Kaohsiung,1973-06-18
Person 0354,UX Designer,Taichung,1974-07-19
Person 0355,Data Analyst,Tainan,1975-08-20
Person 0356,Frontend Engineer,Hsinchu,1976-09-21
Person 0357,QA Engineer,Keelung,1977-10-22
Person 0358,DevOps Engineer,Chiayi,1978-11-23
Person 0359,Technical Writer,Miaoli,1979-12-24
Person 0360,Backend Engineer,Taipei,1980-01-25
Person 0361,Product Manager,Kaohsiung,1981-02-26
Person 0362,UX Designer,Taichung,1982-03-27
Person 0363,Data Analyst,Tainan,1983-04-28
Person 0364,Frontend Engineer,Hsinchu,1984-05-01
Person 0365,QA Engineer,Keelung,1985-06-02
Person 0366,DevOps Engineer,Chiayi,1986-07-03
Person 0367,Technical Writer,Miaoli,1987-08-04
Person 0368,Backend Engineer,Taipei,1988-09-05
Person 0369,Product Manager,Kaohsiung,1989-10-06
Person 0370,UX Designer,Taichung,1990-11-07
Person 0371,Data Analyst,Tainan,1991-12-08
Person 0372,Frontend Engineer,Hsinchu,1992-01-09
Person 0373,QA Engineer,Keelung,1993-02-10
Person 0374,DevOps Engineer,Chiayi,1994-03-11
Person 0375,Technical Writer,Miaoli,1995-04-12
Person 0376,Backend Engineer,Taipei,1996-05-13
Person 0377,Product Manager,Kaohsiung,1997-06-14
Person 0378,UX Designer,Taichung,1998-07-15
Person 0379,Data Analyst,Tainan,1999-08-16
Person 0380,Frontend Engineer,Hsinchu,2000-09-17
Person 0381,QA Engineer,Keelung,2001-10-18
Person 0382,DevOps Engineer,Chiayi,2002-11-19
Person 0383,Technical Writer,Miaoli,2003-12-20
Person 0384,Backend Engineer,Taipei,2004-01-21
Person 0385,Product Manager,Kaohsiung,1970-02-22
Person 0386,UX Designer,Taichung,1971-03-23
Person 0387,Data Analyst,Tainan,1972-04-24
Person 0388,Frontend Engineer,Hsinchu,1973-05-25
Person 0389,QA Engineer,Keelung,1974-06-26
Person 0390,DevOps Engineer,Chiayi,1975-07-27
Person 0391,Technical Writer,Miaoli,1976-08-28
Person 0392,Backend Engineer,Taipei,1977-09-01
Person 0393,Product Manager,Kaohsiung,1978-10-02
Person 0394,UX Designer,Taichung,1979-11-03
Person 0395,Data Analyst,Tainan,1980-12-04
Person 0396,Frontend Engineer,Hsinchu,1981-01-05
Person 0397,QA Engineer,Keelung,1982-02-06
Person 0398,DevOps Engineer,Chiayi,1983-03-07
Person 0399,Technical Writer,Miaoli,1984-04-08
Person 0400,Backend Engineer,Taipei,1985-05-09
Person 0401,Product Manager,Kaohsiung,1986-06-10
Person 0402,UX Designer,Taichung,1987-07-11
Person 0403,Data Analyst,Tainan,1988-08-12
Person 0404,Frontend Engineer,Hsinchu,1989-09-13
Person 0405,QA Engineer,Keelung,1990-10-14
Person 0406,DevOps Engineer,Chiayi,1991-11-15
Person 0407,Technical Writer,Miaoli,1992-12-16
Person 0408,Backend Engineer,Taipei,1993-01-17
Person 0409,Product Manager,Kaohsiung,1994-02-18
Person 0410,UX Designer,Taichung,1995-03-19
Person 0411,Data Analyst,Tainan,1996-04-20
Person 0412,Frontend Engineer,Hsinchu,1997-05-21
Person 0413,QA Engineer,Keelung,1998-06-22
Person 0414,DevOps Engineer,Chiayi,1999-07-23
Person 0415,Technical Writer,Miaoli,2000-08-24
Person 0416,Backend Engineer,Taipei,2001-09-25
Person 0417,Product Manager,Kaohsiung,2002-10-26
Person 0418,UX Designer,Taichung,2003-11-27
Person 0419,Data Analyst,Tainan,2004-12-28
Person 0420,Frontend Engineer,Hsinchu,1970-01-01
Person 0421,QA Engineer,Keelung,1971-02-02
Person 0422,DevOps Engineer,Chiayi,1972-03-03
Person 0423,Technical Writer,Miaoli,1973-04-04
Person 0424,Backend Engineer,Taipei,1974-05-05
Person 0425,Product Manager,Kaohsiung,1975-06-06
Person 0426,UX Designer,Taichung,1976-07-07
Person 0427,Data Analyst,Tainan,1977-08-08
Person 0428,Frontend Engineer,Hsinchu,1978-09-09
Person 0429,QA Engineer,Keelung,1979-10-10
Person 0430,DevOps Engineer,Chiayi,1980-11-11
Person 0431,Technical Writer,Miaoli,1981-12-12
Person 0432,Backend Engineer,Taipei,1982-01-13
Person 0433,Product Manager,Kaohsiung,1983-02-14
Person 0434,UX Designer,Taichung,1984-03-15
Person 0435,Data Analyst,Tainan,1985-04-16
Person 0436,Frontend Engineer,Hsinchu,1986-05-17
Person 0437,QA Engineer,Keelung,1987-06-18
Person 0438,DevOps Engineer,Chiayi,1988-07-19
Person 0439,Technical Writer,Miaoli,1989-08-20
Person 0440,Backend Engineer,Taipei,1990-09-21
Person 0441,Product Manager,Kaohsiung,1991-10-22
Person 0442,UX Designer,Taichung,1992-11-23
Person 0443,Data Analyst,Tainan,1993-12-24
Person 0444,Frontend Engineer,Hsinchu,1994-01-25
Person 0445,QA Engineer,Keelung,1995-02-26
Person 0446,DevOps Engineer,Chiayi,1996-03-27
Person 0447,Technical Writer,Miaoli,1997-04-28
Person 0448,Backend Engineer,Taipei,1998-05-01
Person 0449,Product Manager,Kaohsiung,1999-06-02
Person 0450,UX Designer,Taichung,2000-07-03
Person 0451,Data Analyst,Tainan,2001-08-04
Person 0452,Frontend Engineer,Hsinchu,2002-09-05
Person 0453,QA Engineer,Keelung,2003-10-06
Person 0454,DevOps Engineer,Chiayi,2004-11-07
Person 0455,Technical Writer,Miaoli,1970-12-08
Person 0456,Backend Engineer,Taipei,1971-01-09
Person 0457,Product Manager,Kaohsiung,1972-02-10
Person 0458,UX Designer,Taichung,1973-03-11
Person 0459,Data Analyst,Tainan,1974-04-12
Person 0460,Frontend Engineer,Hsinchu,1975-05-13
Person 0461,QA Engineer,Keelung,1976-06-14
Person 0462,DevOps Engineer,Chiayi,1977-07-15
Person 0463,Technical Writer,Miaoli,1978-08-16
Person 0464,Backend Engineer,Taipei,1979-09-17
Person 0465,Product Manager,Kaohsiung,1980-10-18
Person 0466,UX Designer,Taichung,1981-11-19
Person 0467,Data Analyst,Tainan,1982-12-20
Person 0468,Frontend Engineer,Hsinchu,1983-01-21
Person 0469,QA Engineer,Keelung,1984-02-22
Person 0470,DevOps Engineer,Chiayi,1985-03-23
Person 0471,Technical Writer,Miaoli,1986-04-24
Person 0472,Backend Engineer,Taipei,1987-05-25
Person 0473,Product Manager,Kaohsiung,1988-06-26
Person 0474,UX Designer,Taichung,1989-07-27
Person 0475,Data Analyst,Tainan,1990-08-28
Person 0476,Frontend Engineer,Hsinchu,1991-09-01
Person 0477,QA Engineer,Keelung,1992-10-02
Person 0478,DevOps Engineer,Chiayi,1993-11-03
Person 0479,Technical Writer,Miaoli,1994-12-04
Person 0480,Backend Engineer,Taipei,1995-01-05
Person 0481,Product Manager,Kaohsiung,1996-02-06
Person 0482,UX Designer,Taichung,1997-03-07
Person 0483,Data Analyst,Tainan,1998-04-08
Person 0484,Frontend Engineer,Hsinchu,1999-05-09
Person 0485,QA Engineer,Keelung,2000-06-10
Person 0486,DevOps Engineer,Chiayi,2001-07-11
Person 0487,Technical Writer,Miaoli,2002-08-12
Person 0488,Backend Engineer,Taipei,2003-09-13
Person 0489,Product Manager,Kaohsiung,2004-10-14
Person 0490,UX Designer,Taichung,1970-11-15
Person 0491,Data Analyst,Tainan,1971-12-16
Person 0492,Frontend Engineer,Hsinchu,1972-01-17
Person 0493,QA Engineer,Keelung,1973-02-18
Person 0494,DevOps Engineer,Chiayi,1974-03-19
Person 0495,Technical Writer,Miaoli,1975-04-20
Person 0496,Backend Engineer,Taipei,1976-05-21
Person 0497,Product Manager,Kaohsiung,1977-06-22
Person 0498,UX Designer,Taichung,1978-07-23
Person 0499,Data Analyst,Tainan,1979-08-24
Person 0500,Frontend Engineer,Hsinchu,1980-09-25
Person 0501,QA Engineer,Keelung,1981-10-26
Person 0502,DevOps Engineer,Chiayi,1982-11-27
Person 0503,Technical Writer,Miaoli,1983-12-28
Person 0504,Backend Engineer,Taipei,1984-01-01
Person 0505,Product Manager,Kaohsiung,1985-02-02
Person 0506,UX Designer,Taichung,1986-03-03
Person 0507,Data Analyst,Tainan,1987-04-04
Person 0508,Frontend Engineer,Hsinchu,1988-05-05
Person 0509,QA Engineer,Keelung,1989-06-06
Person 0510,DevOps Engineer,Chiayi,1990-07-07
Person 0511,Technical Writer,Miaoli,1991-08-08
Person 0512,Backend Engineer,Taipei,1992-09-09
Person 0513,Product Manager,Kaohsiung,1993-10-10
Person 0514,UX Designer,Taichung,1994-11-11
Person 0515,Data Analyst,Tainan,1995-12-12
Person 0516,Frontend Engineer,Hsinchu,1996-01-13
Person 0517,QA Engineer,Keelung,1997-02-14
Person 0518,DevOps Engineer,Chiayi,1998-03-15
Person 0519,Technical Writer,Miaoli,1999-04-16
Person 0520,Backend Engineer,Taipei,2000-05-17
Person 0521,Product Manager,Kaohsiung,2001-06-18
Person 0522,UX Designer,Taichung,2002-07-19
Person 0523,Data Analyst,Tainan,2003-08-20
Person 0524,Frontend Engineer,Hsinchu,2004-09-21
Person 0525,QA Engineer,Keelung,1970-10-22
Person 0526,DevOps Engineer,Chiayi,1971-11-23
Person 0527,Technical Writer,Miaoli,1972-12-24
Person 0528,Backend Engineer,Taipei,1973-01-25
Person 0529,Product Manager,Kaohsiung,1974-02-26
Person 0530,UX Designer,Taichung,1975-03-27
Person 0531,Data Analyst,Tainan,1976-04-28
Person 0532,Frontend Engineer,Hsinchu,1977-05-01
Person 0533,QA Engineer,Keelung,1978-06-02
Person 0534,DevOps Engineer,Chiayi,1979-07-03
Person 0535,Technical Writer,Miaoli,1980-08-04
Person 0536,Backend Engineer,Taipei,1981-09-05
Person 0537,Product Manager,Kaohsiung,1982-10-06
Person 0538,UX Designer,Taichung,1983-11-07
Person 0539,Data Analyst,Tainan,1984-12-08
Person 0540,Frontend Engineer,Hsinchu,1985-01-09
Person 0541,QA Engineer,Keelung,1986-02-10
Person 0542,DevOps Engineer,Chiayi,1987-03-11
Person 0543,Technical Writer,Miaoli,1988-04-12
Person 0544,Backend Engineer,Taipei,1989-05-13
Person 0545,Product Manager,Kaohsiung,1990-06-14
Person 0546,UX Designer,Taichung,1991-07-15
Person 0547,Data Analyst,Tainan,1992-08-16
Person 0548,Frontend Engineer,Hsinchu,1993-09-17
Person 0549,QA Engineer,Keelung,1994-10-18
Person 0550,DevOps Engineer,Chiayi,1995-11-19
Person 0551,Technical Writer,Miaoli,1996-12-20
Person 0552,Backend Engineer,Taipei,1997-01-21
Person 0553,Product Manager,Kaohsiung,1998-02-22
Person 0554,UX Designer,Taichung,1999-03-23
Person 0555,Data Analyst,Tainan,2000-04-24
Person 0556,Frontend Engineer,Hsinchu,2001-05-25
Person 0557,QA Engineer,Keelung,2002-06-26
Person 0558,DevOps Engineer,Chiayi,2003-07-27
Person 0559,Technical Writer,Miaoli,2004-08-28
Person 0560,Backend Engineer,Taipei,1970-09-01
Person 0561,Product Manager,Kaohsiung,1971-10-02
Person 0562,UX Designer,Taichung,1972-11-03
Person 0563,Data Analyst,Tainan,1973-12-04
Person 0564,Frontend Engineer,Hsinchu,1974-01-05
Person 0565,QA Engineer,Keelung,1975-02-06
Person 0566,DevOps Engineer,Chiayi,1976-03-07
Person 0567,Technical Writer,Miaoli,1977-04-08
Person 0568,Backend Engineer,Taipei,1978-05-09
Person 0569,Product Manager,Kaohsiung,1979-06-10
Person 0570,UX Designer,Taichung,1980-07-11
Person 0571,Data Analyst,Tainan,1981-08-12
Person 0572,Frontend Engineer,Hsinchu,1982-09-13
Person 0573,QA Engineer,Keelung,1983-10-14
Person 0574,DevOps Engineer,Chiayi,1984-11-15
Person 0575,Technical Writer,Miaoli,1985-12-16
Person 0576,Backend Engineer,Taipei,1986-01-17
Person 0577,Product Manager,Kaohsiung,1987-02-18
Person 0578,UX Designer,Taichung,1988-03-19
Person 0579,Data Analyst,Tainan,1989-04-20
Person 0580,Frontend Engineer,Hsinchu,1990-05-21
Person 0581,QA Engineer,Keelung,1991-06-22
Person 0582,DevOps Engineer,Chiayi,1992-07-23
Person 0583,Technical Writer,Miaoli,1993-08-24
Person 0584,Backend Engineer,Taipei,1994-09-25
Person 0585,Product Manager,Kaohsiung,1995-10-26
Person 0586,UX Designer,Taichung,1996-11-27
Person 0587,Data Analyst,Tainan,1997-12-28
Person 0588,Frontend Engineer,Hsinchu,1998-01-01
Person 0589,QA Engineer,Keelung,1999-02-02
Person 0590,DevOps Engineer,Chiayi,2000-03-03
Person 0591,Technical Writer,Miaoli,2001-04-04
Person 0592,Backend Engineer,Taipei,2002-05-05
Person 0593,Product Manager,Kaohsiung,2003-06-06
Person 0594,UX Designer,Taichung,2004-07-07
Person 0595,Data Analyst,Tainan,1970-08-08
Person 0596,Frontend Engineer,Hsinchu,1971-09-09
Person 0597,QA Engineer,Keelung,1972-10-10
Person 0598,DevOps Engineer,Chiayi,1973-11-11
Person 0599,Technical Writer,Miaoli,1974-12-12
Person 0600,Backend Engineer,Taipei,1975-01-13
Person 0601,Product Manager,Kaohsiung,1976-02-14
Person 0602,UX Designer,Taichung,1977-03-15
Person 0603,Data Analyst,Tainan,1978-04-16
Person 0604,Frontend Engineer,Hsinchu,1979-05-17
Person 0605,QA Engineer,Keelung,1980-06-18
Person 0606,DevOps Engineer,Chiayi,1981-07-19
Person 0607,Technical Writer,Miaoli,1982-08-20
Person 0608,Backend Engineer,Taipei,1983-09-21
Person 0609,Product Manager,Kaohsiung,1984-10-22
Person 0610,UX Designer,Taichung,1985-11-23
Person 0611,Data Analyst,Tainan,1986-12-24
Person 0612,Frontend Engineer,Hsinchu,1987-01-25
Person 0613,QA Engineer,Keelung,1988-02-26
Person 0614,DevOps Engineer,Chiayi,1989-03-27
Person 0615,Technical Writer,Miaoli,1990-04-28
Person 0616,Backend Engineer,Taipei,1991-05-01
Person 0617,Product Manager,Kaohsiung,1992-06-02
Person 0618,UX Designer,Taichung,1993-07-03
Person 0619,Data Analyst,Tainan,1994-08-04
Person 0620,Frontend Engineer,Hsinchu,1995-09-05
Person 0621,QA Engineer,Keelung,1996-10-06
Person 0622,DevOps Engineer,Chiayi,1997-11-07
Person 0623,Technical Writer,Miaoli,1998-12-08
Person 0624,Backend Engineer,Taipei,1999-01-09
Person 0625,Product Manager,Kaohsiung,2000-02-10
Person 0626,UX Designer,Taichung,2001-03-11
Person 0627,Data Analyst,Tainan,2002-04-12
Person 0628,Frontend Engineer,Hsinchu,2003-05-13
Person 0629,QA Engineer,Keelung,2004-06-14
Person 0630,DevOps Engineer,Chiayi,1970-07-15
Person 0631,Technical Writer,Miaoli,1971-08-16
Person 0632,Backend Engineer,Taipei,1972-09-17
Person 0633,Product Manager,Kaohsiung,1973-10-18
Person 0634,UX Designer,Taichung,1974-11-19
Person 0635,Data Analyst,Tainan,1975-12-20
Person 0636,Frontend Engineer,Hsinchu,1976-01-21
Person 0637,QA Engineer,Keelung,1977-02-22
Person 0638,DevOps Engineer,Chiayi,1978-03-23
Person 0639,Technical Writer,Miaoli,1979-04-24
Person 0640,Backend Engineer,Taipei,1980-05-25
Person 0641,Product Manager,Kaohsiung,1981-06-26
Person 0642,UX Designer,Taichung,1982-07-27
Person 0643,Data Analyst,Tainan,1983-08-28
Person 0644,Frontend Engineer,Hsinchu,1984-09-01
Person 0645,QA Engineer,Keelung,1985-10-02
Person 0646,DevOps Engineer,Chiayi,1986-11-03
Person 0647,Technical Writer,Miaoli,1987-12-04
Person 0648,Backend Engineer,Taipei,1988-01-05
Person 0649,Product Manager,Kaohsiung,1989-02-06
Person 0650,UX Designer,Taichung,1990-03-07
Person 0651,Data Analyst,Tainan,1991-04-08
Person 0652,Frontend Engineer,Hsinchu,1992-05-09
Person 0653,QA Engineer,Keelung,1993-06-10
Person 0654,DevOps Engineer,Chiayi,1994-07-11
Person 0655,Technical Writer,Miaoli,1995-08-12
Person 0656,Backend Engineer,Taipei,1996-09-13
Person 0657,Product Manager,Kaohsiung,1997-10-14
Person 0658,UX Designer,Taichung,1998-11-15
Person 0659,Data Analyst,Tainan,1999-12-16
Person 0660,Frontend Engineer,Hsinchu,2000-01-17
Person 0661,QA Engineer,Keelung,2001-02-18
Person 0662,DevOps Engineer,Chiayi,2002-03-19
Person 0663,Technical Writer,Miaoli,2003-04-20
Person 0664,Backend Engineer,Taipei,2004-05-21
Person 0665,Product Manager,Kaohsiung,1970-06-22
Person 0666,UX Designer,Taichung,1971-07-23
Person 0667,Data Analyst,Tainan,1972-08-24
Person 0668,Frontend Engineer,Hsinchu,1973-09-25
Person 0669,QA Engineer,Keelung,1974-10-26
Person 0670,DevOps Engineer,Chiayi,1975-11-27
Person 0671,Technical Writer,Miaoli,1976-12-28
Person 0672,Backend Engineer,Taipei,1977-01-01
Person 0673,Product Manager,Kaohsiung,1978-02-02
Person 0674,UX Designer,Taichung,1979-03-03
Person 0675,Data Analyst,Tainan,1980-04-04
Person 0676,Frontend Engineer,Hsinchu,1981-05-05
Person 0677,QA Engineer,Keelung,1982-06-06
Person 0678,DevOps Engineer,Chiayi,1983-07-07
Person 0679,Technical Writer,Miaoli,1984-08-08
Person 0680,Backend Engineer,Taipei,1985-09-09
Person 0681,Product Manager,Kaohsiung,1986-10-10
Person 0682,UX Designer,Taichung,1987-11-11
Person 0683,Data Analyst,Tainan,1988-12-12
Person 0684,Frontend Engineer,Hsinchu,1989-01-13
Person 0685,QA Engineer,Keelung,1990-02-14
Person 0686,DevOps Engineer,Chiayi,1991-03-15
Person 0687,Technical Writer,Miaoli,1992-04-16
Person 0688,Backend Engineer,Taipei,1993-05-17
Person 0689,Product Manager,Kaohsiung,1994-06-18
Person 0690,UX Designer,Taichung,1995-07-19
Person 0691,Data Analyst,Tainan,1996-08-20
Person 0692,Frontend Engineer,Hsinchu,1997-09-21
Person 0693,QA Engineer,Keelung,1998-10-22
Person 0694,DevOps Engineer,Chiayi,1999-11-23
Person 0695,Technical Writer,Miaoli,2000-12-24
Person 0696,Backend Engineer,Taipei,2001-01-25
Person 0697,Product Manager,Kaohsiung,2002-02-26
Person 0698,UX Designer,Taichung,2003-03-27
Person 0699,Data Analyst,Tainan,2004-04-28
Person 0700,Frontend Engineer,Hsinchu,1970-05-01
Person 0701,QA Engineer,Keelung,1971-06-02
Person 0702,DevOps Engineer,Chiayi,1972-07-03
Person 0703,Technical Writer,Miaoli,1973-08-04
Person 0704,Backend Engineer,Taipei,1974-09-05
Person 0705,Product Manager,Kaohsiung,1975-10-06
Person 0706,UX Designer,Taichung,1976-11-07
Person 0707,Data Analyst,Tainan,1977-12-08
Person 0708,Frontend Engineer,Hsinchu,1978-01-09
Person 0709,QA Engineer,Keelung,1979-02-10
Person 0710,DevOps Engineer,Chiayi,1980-03-11
Person 0711,Technical Writer,Miaoli,1981-04-12
Person 0712,Backend Engineer,Taipei,1982-05-13
Person 0713,Product Manager,Kaohsiung,1983-06-14
Person 0714,UX Designer,Taichung,1984-07-15
Person 0715,Data Analyst,Tainan,1985-08-16
Person 0716,Frontend Engineer,Hsinchu,1986-09-17
Person 0717,QA Engineer,Keelung,1987-10-18
Person 0718,DevOps Engineer,Chiayi,1988-11-19
Person 0719,Technical Writer,Miaoli,1989-12-20
Person 0720,Backend Engineer,Taipei,1990-01-21
Person 0721,Product Manager,Kaohsiung,1991-02-22
Person 0722,UX Designer,Taichung,1992-03-23
Person 0723,Data Analyst,Tainan,1993-04-24
Person 0724,Frontend Engineer,Hsinchu,1994-05-25
Person 0725,QA Engineer,Keelung,1995-06-26
Person 0726,DevOps Engineer,Chiayi,1996-07-27
Person 0727,Technical Writer,Miaoli,1997-08-28
Person 0728,Backend Engineer,Taipei,1998-09-01
Person 0729,Product Manager,Kaohsiung,1999-10-02
Person 0730,UX Designer,Taichung,2000-11-03
Person 0731,Data Analyst,Tainan,2001-12-04
Person 0732,Frontend Engineer,Hsinchu,2002-01-05
Person 0733,QA Engineer,Keelung,2003-02-06
Person 0734,DevOps Engineer,Chiayi,2004-03-07
Person 0735,Technical Writer,Miaoli,1970-04-08
Person 0736,Backend Engineer,Taipei,1971-05-09
Person 0737,Product Manager,Kaohsiung,1972-06-10
Person 0738,UX Designer,Taichung,1973-07-11
Person 0739,Data Analyst,Tainan,1974-08-12
Person 0740,Frontend Engineer,Hsinchu,1975-09-13
Person 0741,QA Engineer,Keelung,1976-10-14
Person 0742,DevOps Engineer,Chiayi,1977-11-15
Person 0743,Technical Writer,Miaoli,1978-12-16
Person 0744,Backend Engineer,Taipei,1979-01-17
Person 0745,Product Manager,Kaohsiung,1980-02-18
Person 0746,UX Designer,Taichung,1981-03-19
Person 0747,Data Analyst,Tainan,1982-04-20
Person 0748,Frontend Engineer,Hsinchu,1983-05-21
Person 0749,QA Engineer,Keelung,1984-06-22
Person 0750,DevOps Engineer,Chiayi,1985-07-23
Person 0751,Technical Writer,Miaoli,1986-08-24
Person 0752,Backend Engineer,Taipei,1987-09-25
Person 0753,Product Manager,Kaohsiung,1988-10-26
Person 0754,UX Designer,Taichung,1989-11-27
Person 0755,Data Analyst,Tainan,1990-12-28
Person 0756,Frontend Engineer,Hsinchu,1991-01-01
Person 0757,QA Engineer,Keelung,1992-02-02
Person 0758,DevOps Engineer,Chiayi,1993-03-03
Person 0759,Technical Writer,Miaoli,1994-04-04
Person 0760,Backend Engineer,Taipei,1995-05-05
Person 0761,Product Manager,Kaohsiung,1996-06-06
Person 0762,UX Designer,Taichung,1997-07-07
Person 0763,Data Analyst,Tainan,1998-08-08
Person 0764,Frontend Engineer,Hsinchu,1999-09-09
Person 0765,QA Engineer,Keelung,2000-10-10
Person 0766,DevOps Engineer,Chiayi,2001-11-11
Person 0767,Technical Writer,Miaoli,2002-12-12
Person 0768,Backend Engineer,Taipei,2003-01-13
Person 0769,Product Manager,Kaohsiung,2004-02-14
Person 0770,UX Designer,Taichung,1970-03-15
Person 0771,Data Analyst,Tainan,1971-04-16
Person 0772,Frontend Engineer,Hsinchu,1972-05-17
Person 0773,QA Engineer,Keelung,1973-06-18
Person 0774,DevOps Engineer,Chiayi,1974-07-19
Person 0775,Technical Writer,Miaoli,1975-08-20
Person 0776,Backend Engineer,Taipei,1976-09-21
Person 0777,Product Manager,Kaohsiung,1977-10-22
Person 0778,UX Designer,Taichung,1978-11-23
Person 0779,Data Analyst,Tainan,1979-12-24
Person 0780,Frontend Engineer,Hsinchu,1980-01-25
Person 0781,QA Engineer,Keelung,1981-02-26
Person 0782,DevOps Engineer,Chiayi,1982-03-27
Person 0783,Technical Writer,Miaoli,1983-04-28
Person 0784,Backend Engineer,Taipei,1984-05-01
Person 0785,Product Manager,Kaohsiung,1985-06-02
Person 0786,UX Designer,Taichung,1986-07-03
Person 0787,Data Analyst,Tainan,1987-08-04
Person 0788,Frontend Engineer,Hsinchu,1988-09-05
Person 0789,QA Engineer,Keelung,1989-10-06
Person 0790,DevOps Engineer,Chiayi,1990-11-07
Person 0791,Technical Writer,Miaoli,1991-12-08
Person 0792,Backend Engineer,Taipei,1992-01-09
Person 0793,Product Manager,Kaohsiung,1993-02-10
Person 0794,UX Designer,Taichung,1994-03-11
Person 0795,Data Analyst,Tainan,1995-04-12
Person 0796,Frontend Engineer,Hsinchu,1996-05-13
Person 0797,QA Engineer,Keelung,1997-06-14
Person 0798,DevOps Engineer,Chiayi,1998-07-15
Person 0799,Technical Writer,Miaoli,1999-08-16
Person 0800,Backend Engineer,Taipei,2000-09-17
Person 0801,Product Manager,Kaohsiung,2001-10-18
Person 0802,UX Designer,Taichung,2002-11-19
Person 0803,Data Analyst,Tainan,2003-12-20
Person 0804,Frontend Engineer,Hsinchu,2004-01-21
Person 0805,QA Engineer,Keelung,1970-02-22
Person 0806,DevOps Engineer,Chiayi,1971-03-23
Person 0807,Technical Writer,Miaoli,1972-04-24
Person 0808,Backend Engineer,Taipei,1973-05-25
Person 0809,Product Manager,Kaohsiung,1974-06-26
Person 0810,UX Designer,Taichung,1975-07-27
Person 0811,Data Analyst,Tainan,1976-08-28
Person 0812,Frontend Engineer,Hsinchu,1977-09-01
Person 0813,QA Engineer,Keelung,1978-10-02
Person 0814,DevOps Engineer,Chiayi,1979-11-03
Person 0815,Technical Writer,Miaoli,1980-12-04
Person 0816,Backend Engineer,Taipei,1981-01-05
Person 0817,Product Manager,Kaohsiung,1982-02-06
Person 0818,UX Designer,Taichung,1983-03-07
Person 0819,Data Analyst,Tainan,1984-04-08
Person 0820,Frontend Engineer,Hsinchu,1985-05-09
Person 0821,QA Engineer,Keelung,1986-06-10
Person 0822,DevOps Engineer,Chiayi,1987-07-11
Person 0823,Technical Writer,Miaoli,1988-08-12
Person 0824,Backend Engineer,Taipei,1989-09-13
Person 0825,Product Manager,Kaohsiung,1990-10-14
Person 0826,UX Designer,Taichung,1991-11-15
Person 0827,Data Analyst,Tainan,1992-12-16
Person 0828,Frontend Engineer,Hsinchu,1993-01-17
Person 0829,QA Engineer,Keelung,1994-02-18
Person 0830,DevOps Engineer,Chiayi,1995-03-19
Person 0831,Technical Writer,Miaoli,1996-04-20
Person 0832,Backend Engineer,Taipei,1997-05-21
Person 0833,Product Manager,Kaohsiung,1998-06-22
Person 0834,UX Designer,Taichung,1999-07-23
Person 0835,Data Analyst,Tainan,2000-08-24
Person 0836,Frontend Engineer,Hsinchu,2001-09-25
Person 0837,QA Engineer,Keelung,2002-10-26
Person 0838,DevOps Engineer,Chiayi,2003-11-27
Person 0839,Technical Writer,Miaoli,2004-12-28
Person 0840,Backend Engineer,Taipei,1970-01-01
Person 0841,Product Manager,Kaohsiung,1971-02-02
Person 0842,UX Designer,Taichung,1972-03-03
Person 0843,Data Analyst,Tainan,1973-04-04
Person 0844,Frontend Engineer,Hsinchu,1974-05-05
Person 0845,QA Engineer,Keelung,1975-06-06
Person 0846,DevOps Engineer,Chiayi,1976-07-07
Person 0847,Technical Writer,Miaoli,1977-08-08
Person 0848,Backend Engineer,Taipei,1978-09-09
Person 0849,Product Manager,Kaohsiung,1979-10-10
Person 0850,UX Designer,Taichung,1980-11-11
Person 0851,Data Analyst,Tainan,1981-12-12
Person 0852,Frontend Engineer,Hsinchu,1982-01-13
Person 0853,QA Engineer,Keelung,1983-02-14
Person 0854,DevOps Engineer,Chiayi,1984-03-15
Person 0855,Technical Writer,Miaoli,1985-04-16
Person 0856,Backend Engineer,Taipei,1986-05-17
Person 0857,Product Manager,Kaohsiung,1987-06-18
Person 0858,UX Designer,Taichung,1988-07-19
Person 0859,Data Analyst,Tainan,1989-08-20
Person 0860,Frontend Engineer,Hsinchu,1990-09-21
Person 0861,QA Engineer,Keelung,1991-10-22
Person 0862,DevOps Engineer,Chiayi,1992-11-23
Person 0863,Technical Writer,Miaoli,1993-12-24
Person 0864,Backend Engineer,Taipei,1994-01-25
Person 0865,Product Manager,Kaohsiung,1995-02-26
Person 0866,UX Designer,Taichung,1996-03-27
Person 0867,Data Analyst,Tainan,1997-04-28
Person 0868,Frontend Engineer,Hsinchu,1998-05-01
Person 0869,QA Engineer,Keelung,1999-06-02
Person 0870,DevOps Engineer,Chiayi,2000-07-03
Person 0871,Technical Writer,Miaoli,2001-08-04
Person 0872,Backend Engineer,Taipei,2002-09-05
Person 0873,Product Manager,Kaohsiung,2003-10-06
Person 0874,UX Designer,Taichung,2004-11-07
Person 0875,Data Analyst,Tainan,1970-12-08
Person 0876,Frontend Engineer,Hsinchu,1971-01-09
Person 0877,QA Engineer,Keelung,1972-02-10
Person 0878,DevOps Engineer,Chiayi,1973-03-11
Person 0879,Technical Writer,Miaoli,1974-04-12
Person 0880,Backend Engineer,Taipei,1975-05-13
Person 0881,Product Manager,Kaohsiung,1976-06-14
Person 0882,UX Designer,Taichung,1977-07-15
Person 0883,Data Analyst,Tainan,1978-08-16
Person 0884,Frontend Engineer,Hsinchu,1979-09-17
Person 0885,QA Engineer,Keelung,1980-10-18
Person 0886,DevOps Engineer,Chiayi,1981-11-19
Person 0887,Technical Writer,Miaoli,1982-12-20
Person 0888,Backend Engineer,Taipei,1983-01-21
Person 0889,Product Manager,Kaohsiung,1984-02-22
Person 0890,UX Designer,Taichung,1985-03-23
Person 0891,Data Analyst,Tainan,1986-04-24
Person 0892,Frontend Engineer,Hsinchu,1987-05-25
Person 0893,QA Engineer,Keelung,1988-06-26
Person 0894,DevOps Engineer,Chiayi,1989-07-27
Person 0895,Technical Writer,Miaoli,1990-08-28
Person 0896,Backend Engineer,Taipei,1991-09-01
Person 0897,Product Manager,Kaohsiung,1992-10-02
Person 0898,UX Designer,Taichung,1993-11-03
Person 0899,Data Analyst,Tainan,1994-12-04
Person 0900,Frontend Engineer,Hsinchu,1995-01-05
Person 0901,QA Engineer,Keelung,1996-02-06
Person 0902,DevOps Engineer,Chiayi,1997-03-07
Person 0903,Technical Writer,Miaoli,1998-04-08
Person 0904,Backend Engineer,Taipei,1999-05-09
Person 0905,Product Manager,Kaohsiung,2000-06-10
Person 0906,UX Designer,Taichung,2001-07-11
Person 0907,Data Analyst,Tainan,2002-08-12
Person 0908,Frontend Engineer,Hsinchu,2003-09-13
Person 0909,QA Engineer,Keelung,2004-10-14
Person 0910,DevOps Engineer,Chiayi,1970-11-15
Person 0911,Technical Writer,Miaoli,1971-12-16
Person 0912,Backend Engineer,Taipei,1972-01-17
Person 0913,Product Manager,Kaohsiung,1973-02-18
Person 0914,UX Designer,Taichung,1974-03-19
Person 0915,Data Analyst,Tainan,1975-04-20
Person 0916,Frontend Engineer,Hsinchu,1976-05-21
Person 0917,QA Engineer,Keelung,1977-06-22
Person 0918,DevOps Engineer,Chiayi,1978-07-23
Person 0919,Technical Writer,Miaoli,1979-08-24
Person 0920,Backend Engineer,Taipei,1980-09-25
Person 0921,Product Manager,Kaohsiung,1981-10-26
Person 0922,UX Designer,Taichung,1982-11-27
Person 0923,Data Analyst,Tainan,1983-12-28
Person 0924,Frontend Engineer,Hsinchu,1984-01-01
Person 0925,QA Engineer,Keelung,1985-02-02
Person 0926,DevOps Engineer,Chiayi,1986-03-03
Person 0927,Technical Writer,Miaoli,1987-04-04
Person 0928,Backend Engineer,Taipei,1988-05-05
Person 0929,Product Manager,Kaohsiung,1989-06-06
Person 0930,UX Designer,Taichung,1990-07-07
Person 0931,Data Analyst,Tainan,1991-08-08
Person 0932,Frontend Engineer,Hsinchu,1992-09-09
Person 0933,QA Engineer,Keelung,1993-10-10
Person 0934,DevOps Engineer,Chiayi,1994-11-11
Person 0935,Technical Writer,Miaoli,1995-12-12
Person 0936,Backend Engineer,Taipei,1996-01-13
Person 0937,Product Manager,Kaohsiung,1997-02-14
Person 0938,UX Designer,Taichung,1998-03-15
Person 0939,Data Analyst,Tainan,1999-04-16
Person 0940,Frontend Engineer,Hsinchu,2000-05-17
Person 0941,QA Engineer,Keelung,2001-06-18
Person 0942,DevOps Engineer,Chiayi,2002-07-19
Person 0943,Technical Writer,Miaoli,2003-08-20
Person 0944,Backend Engineer,Taipei,2004-09-21
Person 0945,Product Manager,Kaohsiung,1970-10-22
Person 0946,UX Designer,Taichung,1971-11-23
Person 0947,Data Analyst,Tainan,1972-12-24
Person 0948,Frontend Engineer,Hsinchu,1973-01-25
Person 0949,QA Engineer,Keelung,1974-02-26
Person 0950,DevOps Engineer,Chiayi,1975-03-27
Person 0951,Technical Writer,Miaoli,1976-04-28
Person 0952,Backend Engineer,Taipei,1977-05-01
Person 0953,Product Manager,Kaohsiung,1978-06-02
Person 0954,UX Designer,Taichung,1979-07-03
Person 0955,Data Analyst,Tainan,1980-08-04
Person 0956,Frontend Engineer,Hsinchu,1981-09-05
Person 0957,QA Engineer,Keelung,1982-10-06
Person 0958,DevOps Engineer,Chiayi,1983-11-07
Person 0959,Technical Writer,Miaoli,1984-12-08
Person 0960,Backend Engineer,Taipei,1985-01-09
Person 0961,Product Manager,Kaohsiung,1986-02-10
Person 0962,UX Designer,Taichung,1987-03-11
Person 0963,Data Analyst,Tainan,1988-04-12
Person 0964,Frontend Engineer,Hsinchu,1989-05-13
Person 0965,QA Engineer,Keelung,1990-06-14
Person 0966,DevOps Engineer,Chiayi,1991-07-15
Person 0967,Technical Writer,Miaoli,1992-08-16
Person 0968,Backend Engineer,Taipei,1993-09-17
Person 0969,Product Manager,Kaohsiung,1994-10-18
Person 0970,UX Designer,Taichung,1995-11-19
Person 0971,Data Analyst,Tainan,1996-12-20
Person 0972,Frontend Engineer,Hsinchu,1997-01-21
Person 0973,QA Engineer,Keelung,1998-02-22
Person 0974,DevOps Engineer,Chiayi,1999-03-23
Person 0975,Technical Writer,Miaoli,2000-04-24
Person 0976,Backend Engineer,Taipei,2001-05-25
Person 0977,Product Manager,Kaohsiung,2002-06-26
Person 0978,UX Designer,Taichung,2003-07-27
Person 0979,Data Analyst,Tainan,2004-08-28
Person 0980,Frontend Engineer,Hsinchu,1970-09-01
Person 0981,QA Engineer,Keelung,1971-10-02
Person 0982,DevOps Engineer,Chiayi,1972-11-03
Person 0983,Technical Writer,Miaoli,1973-12-04
Person 0984,Backend Engineer,Taipei,1974-01-05
Person 0985,Product Manager,Kaohsiung,1975-02-06
Person 0986,UX Designer,Taichung,1976-03-07
Person 0987,Data Analyst,Tainan,1977-04-08
Person 0988,Frontend Engineer,Hsinchu,1978-05-09
Person 0989,QA Engineer,Keelung,1979-06-10
Person 0990,DevOps Engineer,Chiayi,1980-07-11
Person 0991,Technical Writer,Miaoli,1981-08-12
Person 0992,Backend Engineer,Taipei,1982-09-13
Person 0993,Product Manager,Kaohsiung,1983-10-14
Person 0994,UX Designer,Taichung,1984-11-15
Person 0995,Data Analyst,Tainan,1985-12-16
Person 0996,Frontend Engineer,Hsinchu,1986-01-17
Person 0997,QA Engineer,Keelung,1987-02-18
Person 0998,DevOps Engineer,Chiayi,1988-03-19
Person 0999,Technical Writer,Miaoli,1989-04-20
Person 1000,Backend Engineer,Taipei,1990-05-21
Person 1001,Product Manager,Kaohsiung,1991-06-22
Person 1002,UX Designer,Taichung,1992-07-23
Person 1003,Data Analyst,Tainan,1993-08-24
Person 1004,Frontend Engineer,Hsinchu,1994-09-25
Person 1005,QA Engineer,Keelung,1995-10-26
Person 1006,DevOps Engineer,Chiayi,1996-11-27
Person 1007,Technical Writer,Miaoli,1997-12-28
Person 1008,Backend Engineer,Taipei,1998-01-01
Person 1009,Product Manager,Kaohsiung,1999-02-02
Person 1010,UX Designer,Taichung,2000-03-03
Person 1011,Data Analyst,Tainan,2001-04-04
Person 1012,Frontend Engineer,Hsinchu,2002-05-05
Person 1013,QA Engineer,Keelung,2003-06-06
Person 1014,DevOps Engineer,Chiayi,2004-07-07
Person 1015,Technical Writer,Miaoli,1970-08-08
Person 1016,Backend Engineer,Taipei,1971-09-09
Person 1017,Product Manager,Kaohsiung,1972-10-10
Person 1018,UX Designer,Taichung,1973-11-11
Person 1019,Data Analyst,Tainan,1974-12-12
Person 1020,Frontend Engineer,Hsinchu,1975-01-13
Person 1021,QA Engineer,Keelung,1976-02-14
Person 1022,DevOps Engineer,Chiayi,1977-03-15
Person 1023,Technical Writer,Miaoli,1978-04-16
Person 1024,Backend Engineer,Taipei,1979-05-17
Person 1025,Product Manager,Kaohsiung,1980-06-18
Person 1026,UX Designer,Taichung,1981-07-19
Person 1027,Data Analyst,Tainan,1982-08-20
Person 1028,Frontend Engineer,Hsinchu,1983-09-21
Person 1029,QA Engineer,Keelung,1984-10-22
Person 1030,DevOps Engineer,Chiayi,1985-11-23
Person 1031,Technical Writer,Miaoli,1986-12-24
Person 1032,Backend Engineer,Taipei,1987-01-25
Person 1033,Product Manager,Kaohsiung,1988-02-26
Person 1034,UX Designer,Taichung,1989-03-27
Person 1035,Data Analyst,Tainan,1990-04-28
Person 1036,Frontend Engineer,Hsinchu,1991-05-01
Person 1037,QA Engineer,Keelung,1992-06-02
Person 1038,DevOps Engineer,Chiayi,1993-07-03
Person 1039,Technical Writer,Miaoli,1994-08-04
Person 1040,Backend Engineer,Taipei,1995-09-05
Person 1041,Product Manager,Kaohsiung,1996-10-06
Person 1042,UX Designer,Taichung,1997-11-07
Person 1043,Data Analyst,Tainan,1998-12-08
Person 1044,Frontend Engineer,Hsinchu,1999-01-09
Person 1045,QA Engineer,Keelung,2000-02-10
Person 1046,DevOps Engineer,Chiayi,2001-03-11
Person 1047,Technical Writer,Miaoli,2002-04-12
Person 1048,Backend Engineer,Taipei,2003-05-13
Person 1049,Product Manager,Kaohsiung,2004-06-14
Person 1050,UX Designer,Taichung,1970-07-15
Person 1051,Data Analyst,Tainan,1971-08-16
Person 1052,Frontend Engineer,Hsinchu,1972-09-17
Person 1053,QA Engineer,Keelung,1973-10-18
Person 1054,DevOps Engineer,Chiayi,1974-11-19
Person 1055,Technical Writer,Miaoli,1975-12-20
Person 1056,Backend Engineer,Taipei,1976-01-21
Person 1057,Product Manager,Kaohsiung,1977-02-22
Person 1058,UX Designer,Taichung,1978-03-23
Person 1059,Data Analyst,Tainan,1979-04-24
Person 1060,Frontend Engineer,Hsinchu,1980-05-25
Person 1061,QA Engineer,Keelung,1981-06-26
Person 1062,DevOps Engineer,Chiayi,1982-07-27
Person 1063,Technical Writer,Miaoli,1983-08-28
Person 1064,Backend Engineer,Taipei,1984-09-01
Person 1065,Product Manager,Kaohsiung,1985-10-02
Person 1066,UX Designer,Taichung,1986-11-03
Person 1067,Data Analyst,Tainan,1987-12-04
Person 1068,Frontend Engineer,Hsinchu,1988-01-05
Person 1069,QA Engineer,Keelung,1989-02-06
Person 1070,DevOps Engineer,Chiayi,1990-03-07
Person 1071,Technical Writer,Miaoli,1991-04-08
Person 1072,Backend Engineer,Taipei,1992-05-09
Person 1073,Product Manager,Kaohsiung,1993-06-10
Person 1074,UX Designer,Taichung,1994-07-11
Person 1075,Data Analyst,Tainan,1995-08-12
Person 1076,Frontend Engineer,Hsinchu,1996-09-13
Person 1077,QA Engineer,Keelung,1997-10-14
Person 1078,DevOps Engineer,Chiayi,1998-11-15
Person 1079,Technical Writer,Miaoli,1999-12-16
Person 1080,Backend Engineer,Taipei,2000-01-17
Person 1081,Product Manager,Kaohsiung,2001-02-18
Person 1082,UX Designer,Taichung,2002-03-19
Person 1083,Data Analyst,Tainan,2003-04-20
Person 1084,Frontend Engineer,Hsinchu,2004-05-21
Person 1085,QA Engineer,Keelung,1970-06-22
Person 1086,DevOps Engineer,Chiayi,1971-07-23
Person 1087,Technical Writer,Miaoli,1972-08-24
Person 1088,Backend Engineer,Taipei,1973-09-25
Person 1089,Product Manager,Kaohsiung,1974-10-26
Person 1090,UX Designer,Taichung,1975-11-27
Person 1091,Data Analyst,Tainan,1976-12-28
Person 1092,Frontend Engineer,Hsinchu,1977-01-01
Person 1093,QA Engineer,Keelung,1978-02-02
Person 1094,DevOps Engineer,Chiayi,1979-03-03
Person 1095,Technical Writer,Miaoli,1980-04-04
Person 1096,Backend Engineer,Taipei,1981-05-05
Person 1097,Product Manager,Kaohsiung,1982-06-06
Person 1098,UX Designer,Taichung,1983-07-07
Person 1099,Data Analyst,Tainan,1984-08-08
Person 1100,Frontend Engineer,Hsinchu,1985-09-09
Person 1101,QA Engineer,Keelung,1986-10-10
Person 1102,DevOps Engineer,Chiayi,1987-11-11
Person 1103,Technical Writer,Miaoli,1988-12-12
Person 1104,Backend Engineer,Taipei,1989-01-13
Person 1105,Product Manager,Kaohsiung,1990-02-14
Person 1106,UX Designer,Taichung,1991-03-15
Person 1107,Data Analyst,Tainan,1992-04-16
Person 1108,Frontend Engineer,Hsinchu,1993-05-17
Person 1109,QA Engineer,Keelung,1994-06-18
Person 1110,DevOps Engineer,Chiayi,1995-07-19
Person 1111,Technical Writer,Miaoli,1996-08-20
Person 1112,Backend Engineer,Taipei,1997-09-21
Person 1113,Product Manager,Kaohsiung,1998-10-22
Person 1114,UX Designer,Taichung,1999-11-23
Person 1115,Data Analyst,Tainan,2000-12-24
Person 1116,Frontend Engineer,Hsinchu,2001-01-25
Person 1117,QA Engineer,Keelung,2002-02-26
Person 1118,DevOps Engineer,Chiayi,2003-03-27
Person 1119,Technical Writer,Miaoli,2004-04-28
Person 1120,Backend Engineer,Taipei,1970-05-01
Person 1121,Product Manager,Kaohsiung,1971-06-02
Person 1122,UX Designer,Taichung,1972-07-03
Person 1123,Data Analyst,Tainan,1973-08-04
Person 1124,Frontend Engineer,Hsinchu,1974-09-05
Person 1125,QA Engineer,Keelung,1975-10-06
Person 1126,DevOps Engineer,Chiayi,1976-11-07
Person 1127,Technical Writer,Miaoli,1977-12-08
Person 1128,Backend Engineer,Taipei,1978-01-09
Person 1129,Product Manager,Kaohsiung,1979-02-10
Person 1130,UX Designer,Taichung,1980-03-11
Person 1131,Data Analyst,Tainan,1981-04-12
Person 1132,Frontend Engineer,Hsinchu,1982-05-13
Person 1133,QA Engineer,Keelung,1983-06-14
Person 1134,DevOps Engineer,Chiayi,1984-07-15
Person 1135,Technical Writer,Miaoli,1985-08-16
Person 1136,Backend Engineer,Taipei,1986-09-17
Person 1137,Product Manager,Kaohsiung,1987-10-18
Person 1138,UX Designer,Taichung,1988-11-19
Person 1139,Data Analyst,Tainan,1989-12-20
Person 1140,Frontend Engineer,Hsinchu,1990-01-21
Person 1141,QA Engineer,Keelung,1991-02-22
Person 1142,DevOps Engineer,Chiayi,1992-03-23
Person 1143,Technical Writer,Miaoli,1993-04-24
Person 1144,Backend Engineer,Taipei,1994-05-25
Person 1145,Product Manager,Kaohsiung,1995-06-26
Person 1146,UX Designer,Taichung,1996-07-27
Person 1147,Data Analyst,Tainan,1997-08-28
Person 1148,Frontend Engineer,Hsinchu,1998-09-01
Person 1149,QA Engineer,Keelung,1999-10-02
Person 1150,DevOps Engineer,Chiayi,2000-11-03
Person 1151,Technical Writer,Miaoli,2001-12-04
Person 1152,Backend Engineer,Taipei,2002-01-05
Person 1153,Product Manager,Kaohsiung,2003-02-06
Person 1154,UX Designer,Taichung,2004-03-07
Person 1155,Data Analyst,Tainan,1970-04-08
Person 1156,Frontend Engineer,Hsinchu,1971-05-09
Person 1157,QA Engineer,Keelung,1972-06-10
Person 1158,DevOps Engineer,Chiayi,1973-07-11
Person 1159,Technical Writer,Miaoli,1974-08-12
Person 1160,Backend Engineer,Taipei,1975-09-13
Person 1161,Product Manager,Kaohsiung,1976-10-14
Person 1162,UX Designer,Taichung,1977-11-15
Person 1163,Data Analyst,Tainan,1978-12-16
Person 1164,Frontend Engineer,Hsinchu,1979-01-17
Person 1165,QA Engineer,Keelung,1980-02-18
Person 1166,DevOps Engineer,Chiayi,1981-03-19
Person 1167,Technical Writer,Miaoli,1982-04-20
Person 1168,Backend Engineer,Taipei,1983-05-21
Person 1169,Product Manager,Kaohsiung,1984-06-22
Person 1170,UX Designer,Taichung,1985-07-23
Person 1171,Data Analyst,Tainan,1986-08-24
Person 1172,Frontend Engineer,Hsinchu,1987-09-25
Person 1173,QA Engineer,Keelung,1988-10-26
Person 1174,DevOps Engineer,Chiayi,1989-11-27
Person 1175,Technical Writer,Miaoli,1990-12-28
Person 1176,Backend Engineer,Taipei,1991-01-01
Person 1177,Product Manager,Kaohsiung,1992-02-02
Person 1178,UX Designer,Taichung,1993-03-03
Person 1179,Data Analyst,Tainan,1994-04-04
Person 1180,Frontend Engineer,Hsinchu,1995-05-05
Person 1181,QA Engineer,Keelung,1996-06-06
Person 1182,DevOps Engineer,Chiayi,1997-07-07
Person 1183,Technical Writer,Miaoli,1998-08-08
Person 1184,Backend Engineer,Taipei,1999-09-09
Person 1185,Product Manager,Kaohsiung,2000-10-10
Person 1186,UX Designer,Taichung,2001-11-11
Person 1187,Data Analyst,Tainan,2002-12-12
Person 1188,Frontend Engineer,Hsinchu,2003-01-13
Person 1189,QA Engineer,Keelung,2004-02-14
Person 1190,DevOps Engineer,Chiayi,1970-03-15
Person 1191,Technical Writer,Miaoli,1971-04-16
Person 1192,Backend Engineer,Taipei,1972-05-17
Person 1193,Product Manager,Kaohsiung,1973-06-18
Person 1194,UX Designer,Taichung,1974-07-19
Person 1195,Data Analyst,Tainan,1975-08-20
Person 1196,Frontend Engineer,Hsinchu,1976-09-21
Person 1197,QA Engineer,Keelung,1977-10-22
Person 1198,DevOps Engineer,Chiayi,1978-11-23
Person 1199,Technical Writer,Miaoli,1979-12-24
Person 1200,Backend Engineer,Taipei,1980-01-25
Person 1201,Product Manager,Kaohsiung,1981-02-26
Person 1202,UX Designer,Taichung,1982-03-27
Person 1203,Data Analyst,Tainan,1983-04-28
Person 1204,Frontend Engineer,Hsinchu,1984-05-01
Person 1205,QA Engineer,Keelung,1985-06-02
Person 1206,DevOps Engineer,Chiayi,1986-07-03
Person 1207,Technical Writer,Miaoli,1987-08-04
Person 1208,Backend Engineer,Taipei,1988-09-05
Person 1209,Product Manager,Kaohsiung,1989-10-06
Person 1210,UX Designer,Taichung,1990-11-07
Person 1211,Data Analyst,Tainan,1991-12-08
Person 1212,Frontend Engineer,Hsinchu,1992-01-09
Person 1213,QA Engineer,Keelung,1993-02-10
Person 1214,DevOps Engineer,Chiayi,1994-03-11
Person 1215,Technical Writer,Miaoli,1995-04-12
Person 1216,Backend Engineer,Taipei,1996-05-13
Person 1217,Product Manager,Kaohsiung,1997-06-14
Person 1218,UX Designer,Taichung,1998-07-15
Person 1219,Data Analyst,Tainan,1999-08-16
Person 1220,Frontend Engineer,Hsinchu,2000-09-17
Person 1221,QA Engineer,Keelung,2001-10-18
Person 1222,DevOps Engineer,Chiayi,2002-11-19
Person 1223,Technical Writer,Miaoli,2003-12-20
Person 1224,Backend Engineer,Taipei,2004-01-21
Person 1225,Product Manager,Kaohsiung,1970-02-22
Person 1226,UX Designer,Taichung,1971-03-23
Person 1227,Data Analyst,Tainan,1972-04-24
Person 1228,Frontend Engineer,Hsinchu,1973-05-25
Person 1229,QA Engineer,Keelung,1974-06-26
Person 1230,DevOps Engineer,Chiayi,1975-07-27
Person 1231,Technical Writer,Miaoli,1976-08-28
Person 1232,Backend Engineer,Taipei,1977-09-01
Person 1233,Product Manager,Kaohsiung,1978-10-02
Person 1234,UX Designer,Taichung,1979-11-03
Person 1235,Data Analyst,Tainan,1980-12-04
Person 1236,Frontend Engineer,Hsinchu,1981-01-05
Person 1237,QA Engineer,Keelung,1982-02-06
Person 1238,DevOps Engineer,Chiayi,1983-03-07
Person 1239,Technical Writer,Miaoli,1984-04-08
Person 1240,Backend Engineer,Taipei,1985-05-09
Person 1241,Product Manager,Kaohsiung,1986-06-10
Person 1242,UX Designer,Taichung,1987-07-11
Person 1243,Data Analyst,Tainan,1988-08-12
Person 1244,Frontend Engineer,Hsinchu,1989-09-13
Person 1245,QA Engineer,Keelung,1990-10-14
Person 1246,DevOps Engineer,Chiayi,1991-11-15
Person 1247,Technical Writer,Miaoli,1992-12-16
Person 1248,Backend Engineer,Taipei,1993-01-17
Person 1249,Product Manager,Kaohsiung,1994-02-18
Person 1250,UX Designer,Taichung,1995-03-19
Person 1251,Data Analyst,Tainan,1996-04-20
Person 1252,Frontend Engineer,Hsinchu,1997-05-21
Person 1253,QA Engineer,Keelung,1998-06-22
Person 1254,DevOps Engineer,Chiayi,1999-07-23
Person 1255,Technical Writer,Miaoli,2000-08-24
Person 1256,Backend Engineer,Taipei,2001-09-25
Person 1257,Product Manager,Kaohsiung,2002-10-26
Person 1258,UX Designer,Taichung,2003-11-27
Person 1259,Data Analyst,Tainan,2004-12-28
Person 1260,Frontend Engineer,Hsinchu,1970-01-01
Person 1261,QA Engineer,Keelung,1971-02-02
Person 1262,DevOps Engineer,Chiayi,1972-03-03
Person 1263,Technical Writer,Miaoli,1973-04-04
Person 1264,Backend Engineer,Taipei,1974-05-05
Person 1265,Product Manager,Kaohsiung,1975-06-06
Person 1266,UX Designer,Taichung,1976-07-07
Person 1267,Data Analyst,Tainan,1977-08-08
Person 1268,Frontend Engineer,Hsinchu,1978-09-09
Person 1269,QA Engineer,Keelung,1979-10-10
Person 1270,DevOps Engineer,Chiayi,1980-11-11
Person 1271,Technical Writer,Miaoli,1981-12-12
Person 1272,Backend Engineer,Taipei,1982-01-13
Person 1273,Product Manager,Kaohsiung,1983-02-14
Person 1274,UX Designer,Taichung,1984-03-15
Person 1275,Data Analyst,Tainan,1985-04-16
Person 1276,Frontend Engineer,Hsinchu,1986-05-17
Person 1277,QA Engineer,Keelung,1987-06-18
Person 1278,DevOps Engineer,Chiayi,1988-07-19
Person 1279,Technical Writer,Miaoli,1989-08-20
Person 1280,Backend Engineer,Taipei,1990-09-21
Person 1281,Product Manager,Kaohsiung,1991-10-22
Person 1282,UX Designer,Taichung,1992-11-23
Person 1283,Data Analyst,Tainan,1993-12-24
Person 1284,Frontend Engineer,Hsinchu,1994-01-25
Person 1285,QA Engineer,Keelung,1995-02-26
Person 1286,DevOps Engineer,Chiayi,1996-03-27
Person 1287,Technical Writer,Miaoli,1997-04-28
Person 1288,Backend Engineer,Taipei,1998-05-01
Person 1289,Product Manager,Kaohsiung,1999-06-02
Person 1290,UX Designer,Taichung,2000-07-03
Person 1291,Data Analyst,Tainan,2001-08-04
Person 1292,Frontend Engineer,Hsinchu,2002-09-05
Person 1293,QA Engineer,Keelung,2003-10-06
Person 1294,DevOps Engineer,Chiayi,2004-11-07
Person 1295,Technical Writer,Miaoli,1970-12-08
Person 1296,Backend Engineer,Taipei,1971-01-09
Person 1297,Product Manager,Kaohsiung,1972-02-10
Person 1298,UX Designer,Taichung,1973-03-11
Person 1299,Data Analyst,Tainan,1974-04-12
Person 1300,Frontend Engineer,Hsinchu,1975-05-13
Person 1301,QA Engineer,Keelung,1976-06-14
Person 1302,DevOps Engineer,Chiayi,1977-07-15
Person 1303,Technical Writer,Miaoli,1978-08-16
Person 1304,Backend Engineer,Taipei,1979-09-17
Person 1305,Product Manager,Kaohsiung,1980-10-18
Person 1306,UX Designer,Taichung,1981-11-19
Person 1307,Data Analyst,Tainan,1982-12-20
Person 1308,Frontend Engineer,Hsinchu,1983-01-21
Person 1309,QA Engineer,Keelung,1984-02-22
Person 1310,DevOps Engineer,Chiayi,1985-03-23
Person 1311,Technical Writer,Miaoli,1986-04-24
Person 1312,Backend Engineer,Taipei,1987-05-25
Person 1313,Product Manager,Kaohsiung,1988-06-26
Person 1314,UX Designer,Taichung,1989-07-27
Person 1315,Data Analyst,Tainan,1990-08-28
Person 1316,Frontend Engineer,Hsinchu,1991-09-01
Person 1317,QA Engineer,Keelung,1992-10-02
Person 1318,DevOps Engineer,Chiayi,1993-11-03
Person 1319,Technical Writer,Miaoli,1994-12-04
Person 1320,Backend Engineer,Taipei,1995-01-05
Person 1321,Product Manager,Kaohsiung,1996-02-06
Person 1322,UX Designer,Taichung,1997-03-07
Person 1323,Data Analyst,Tainan,1998-04-08
Person 1324,Frontend Engineer,Hsinchu,1999-05-09
Person 1325,QA Engineer,Keelung,2000-06-10
Person 1326,DevOps Engineer,Chiayi,2001-07-11
Person 1327,Technical Writer,Miaoli,2002-08-12
Person 1328,Backend Engineer,Taipei,2003-09-13
Person 1329,Product Manager,Kaohsiung,2004-10-14
Person 1330,UX Designer,Taichung,1970-11-15
Person 1331,Data Analyst,Tainan,1971-12-16
Person 1332,Frontend Engineer,Hsinchu,1972-01-17
Person 1333,QA Engineer,Keelung,1973-02-18
Person 1334,DevOps Engineer,Chiayi,1974-03-19
Person 1335,Technical Writer,Miaoli,1975-04-20
Person 1336,Backend Engineer,Taipei,1976-05-21
Person 1337,Product Manager,Kaohsiung,1977-06-22
Person 1338,UX Designer,Taichung,1978-07-23
Person 1339,Data Analyst,Tainan,1979-08-24
Person 1340,Frontend Engineer,Hsinchu,1980-09-25
Person 1341,QA Engineer,Keelung,1981-10-26
Person 1342,DevOps Engineer,Chiayi,1982-11-27
Person 1343,Technical Writer,Miaoli,1983-12-28
Person 1344,Backend Engineer,Taipei,1984-01-01
Person 1345,Product Manager,Kaohsiung,1985-02-02
Person 1346,UX Designer,Taichung,1986-03-03
Person 1347,Data Analyst,Tainan,1987-04-04
Person 1348,Frontend Engineer,Hsinchu,1988-05-05
Person 1349,QA Engineer,Keelung,1989-06-06
Person 1350,DevOps Engineer,Chiayi,1990-07-07
Person 1351,Technical Writer,Miaoli,1991-08-08
Person 1352,Backend Engineer,Taipei,1992-09-09
Person 1353,Product Manager,Kaohsiung,1993-10-10
Person 1354,UX Designer,Taichung,1994-11-11
Person 1355,Data Analyst,Tainan,1995-12-12
Person 1356,Frontend Engineer,Hsinchu,1996-01-13
Person 1357,QA Engineer,Keelung,1997-02-14
Person 1358,DevOps Engineer,Chiayi,1998-03-15
Person 1359,Technical Writer,Miaoli,1999-04-16
Person 1360,Backend Engineer,Taipei,2000-05-17
Person 1361,Product Manager,Kaohsiung,2001-06-18
Person 1362,UX Designer,Taichung,2002-07-19
Person 1363,Data Analyst,Tainan,2003-08-20
Person 1364,Frontend Engineer,Hsinchu,2004-09-21
Person 1365,QA Engineer,Keelung,1970-10-22
Person 1366,DevOps Engineer,Chiayi,1971-11-23
Person 1367,Technical Writer,Miaoli,1972-12-24
Person 1368,Backend Engineer,Taipei,1973-01-25
Person 1369,Product Manager,Kaohsiung,1974-02-26
Person 1370,UX Designer,Taichung,1975-03-27
Person 1371,Data Analyst,Tainan,1976-04-28
Person 1372,Frontend Engineer,Hsinchu,1977-05-01
Person 1373,QA Engineer,Keelung,1978-06-02
Person 1374,DevOps Engineer,Chiayi,1979-07-03
Person 1375,Technical Writer,Miaoli,1980-08-04
Person 1376,Backend Engineer,Taipei,1981-09-05
Person 1377,Product Manager,Kaohsiung,1982-10-06
Person 1378,UX Designer,Taichung,1983-11-07
Person 1379,Data Analyst,Tainan,1984-12-08
Person 1380,Frontend Engineer,Hsinchu,1985-01-09
Person 1381,QA Engineer,Keelung,1986-02-10
Person 1382,DevOps Engineer,Chiayi,1987-03-11
Person 1383,Technical Writer,Miaoli,1988-04-12
Person 1384,Backend Engineer,Taipei,1989-05-13
Person 1385,Product Manager,Kaohsiung,1990-06-14
Person 1386,UX Designer,Taichung,1991-07-15
Person 1387,Data Analyst,Tainan,1992-08-16
Person 1388,Frontend Engineer,Hsinchu,1993-09-17
Person 1389,QA Engineer,Keelung,1994-10-18
Person 1390,DevOps Engineer,Chiayi,1995-11-19
Person 1391,Technical Writer,Miaoli,1996-12-20
Person 1392,Backend Engineer,Taipei,1997-01-21
Person 1393,Product Manager,Kaohsiung,1998-02-22
Person 1394,UX Designer,Taichung,1999-03-23
Person 1395,Data Analyst,Tainan,2000-04-24
Person 1396,Frontend Engineer,Hsinchu,2001-05-25
Person 1397,QA Engineer,Keelung,2002-06-26
Person 1398,DevOps Engineer,Chiayi,2003-07-27
Person 1399,Technical Writer,Miaoli,2004-08-28
Person 1400,Backend Engineer,Taipei,1970-09-01
Person 1401,Product Manager,Kaohsiung,1971-10-02
Person 1402,UX Designer,Taichung,1972-11-03
Person 1403,Data Analyst,Tainan,1973-12-04
Person 1404,Frontend Engineer,Hsinchu,1974-01-05
Person 1405,QA Engineer,Keelung,1975-02-06
Person 1406,DevOps Engineer,Chiayi,1976-03-07
Person 1407,Technical Writer,Miaoli,1977-04-08
Person 1408,Backend Engineer,Taipei,1978-05-09
Person 1409,Product Manager,Kaohsiung,1979-06-10
Person 1410,UX Designer,Taichung,1980-07-11
Person 1411,Data Analyst,Tainan,1981-08-12
Person 1412,Frontend Engineer,Hsinchu,1982-09-13
Person 1413,QA Engineer,Keelung,1983-10-14
Person 1414,DevOps Engineer,Chiayi,1984-11-15
Person 1415,Technical Writer,Miaoli,1985-12-16
Person 1416,Backend Engineer,Taipei,1986-01-17
Person 1417,Product Manager,Kaohsiung,1987-02-18
Person 1418,UX Designer,Taichung,1988-03-19
Person 1419,Data Analyst,Tainan,1989-04-20
Person 1420,Frontend Engineer,Hsinchu,1990-05-21
Person 1421,QA Engineer,Keelung,1991-06-22
Person 1422,DevOps Engineer,Chiayi,1992-07-23
Person 1423,Technical Writer,Miaoli,1993-08-24
Person 1424,Backend Engineer,Taipei,1994-09-25
Person 1425,Product Manager,Kaohsiung,1995-10-26
Person 1426,UX Designer,Taichung,1996-11-27
Person 1427,Data Analyst,Tainan,1997-12-28
Person 1428,Frontend Engineer,Hsinchu,1998-01-01
Person 1429,QA Engineer,Keelung,1999-02-02
Person 1430,DevOps Engineer,Chiayi,2000-03-03
Person 1431,Technical Writer,Miaoli,2001-04-04
Person 1432,Backend Engineer,Taipei,2002-05-05
Person 1433,Product Manager,Kaohsiung,2003-06-06
Person 1434,UX Designer,Taichung,2004-07-07
Person 1435,Data Analyst,Tainan,1970-08-08
Person 1436,Frontend Engineer,Hsinchu,1971-09-09
Person 1437,QA Engineer,Keelung,1972-10-10
Person 1438,DevOps Engineer,Chiayi,1973-11-11
Person 1439,Technical Writer,Miaoli,1974-12-12
Person 1440,Backend Engineer,Taipei,1975-01-13
Person 1441,Product Manager,Kaohsiung,1976-02-14
Person 1442,UX Designer,Taichung,1977-03-15
Person 1443,Data Analyst,Tainan,1978-04-16
Person 1444,Frontend Engineer,Hsinchu,1979-05-17
Person 1445,QA Engineer,Keelung,1980-06-18
Person 1446,DevOps Engineer,Chiayi,1981-07-19
Person 1447,Technical Writer,Miaoli,1982-08-20
Person 1448,Backend Engineer,Taipei,1983-09-21
Person 1449,Product Manager,Kaohsiung,1984-10-22
Person 1450,UX Designer,Taichung,1985-11-23
Person 1451,Data Analyst,Tainan,1986-12-24
Person 1452,Frontend Engineer,Hsinchu,1987-01-25
Person 1453,QA Engineer,Keelung,1988-02-26
Person 1454,DevOps Engineer,Chiayi,1989-03-27
Person 1455,Technical Writer,Miaoli,1990-04-28
Person 1456,Backend Engineer,Taipei,1991-05-01
Person 1457,Product Manager,Kaohsiung,1992-06-02
Person 1458,UX Designer,Taichung,1993-07-03
Person 1459,Data Analyst,Tainan,1994-08-04
Person 1460,Frontend Engineer,Hsinchu,1995-09-05
Person 1461,QA Engineer,Keelung,1996-10-06
Person 1462,DevOps Engineer,Chiayi,1997-11-07
Person 1463,Technical Writer,Miaoli,1998-12-08
Person 1464,Backend Engineer,Taipei,1999-01-09
Person 1465,Product Manager,Kaohsiung,2000-02-10
Person 1466,UX Designer,Taichung,2001-03-11
Person 1467,Data Analyst,Tainan,2002-04-12
Person 1468,Frontend Engineer,Hsinchu,2003-05-13
Person 1469,QA Engineer,Keelung,2004-06-14
Person 1470,DevOps Engineer,Chiayi,1970-07-15
Person 1471,Technical Writer,Miaoli,1971-08-16
Person 1472,Backend Engineer,Taipei,1972-09-17
Person 1473,Product Manager,Kaohsiung,1973-10-18
Person 1474,UX Designer,Taichung,1974-11-19
Person 1475,Data Analyst,Tainan,1975-12-20
Person 1476,Frontend Engineer,Hsinchu,1976-01-21
Person 1477,QA Engineer,Keelung,1977-02-22
Person 1478,DevOps Engineer,Chiayi,1978-03-23
Person 1479,Technical Writer,Miaoli,1979-04-24
Person 1480,Backend Engineer,Taipei,1980-05-25
Person 1481,Product Manager,Kaohsiung,1981-06-26
Person 1482,UX Designer,Taichung,1982-07-27
Person 1483,Data Analyst,Tainan,1983-08-28
Person 1484,Frontend Engineer,Hsinchu,1984-09-01
Person 1485,QA Engineer,Keelung,1985-10-02
Person 1486,DevOps Engineer,Chiayi,1986-11-03
Person 1487,Technical Writer,Miaoli,1987-12-04
Person 1488,Backend Engineer,Taipei,1988-01-05
Person 1489,Product Manager,Kaohsiung,1989-02-06
Person 1490,UX Designer,Taichung,1990-03-07
Person 1491,Data Analyst,Tainan,1991-04-08
Person 1492,Frontend Engineer,Hsinchu,1992-05-09
Person 1493,QA Engineer,Keelung,1993-06-10
Person 1494,DevOps Engineer,Chiayi,1994-07-11
Person 1495,Technical Writer,Miaoli,1995-08-12
Person 1496,Backend Engineer,Taipei,1996-09-13
Person 1497,Product Manager,Kaohsiung,1997-10-14
Person 1498,UX Designer,Taichung,1998-11-15
Person 1499,Data Analyst,Tainan,1999-12-16
Person 1500,Frontend Engineer,Hsinchu,2000-01-17
Person 1501,QA Engineer,Keelung,2001-02-18
Person 1502,DevOps Engineer,Chiayi,2002-03-19
Person 1503,Technical Writer,Miaoli,2003-04-20
Person 1504,Backend Engineer,Taipei,2004-05-21
Person 1505,Product Manager,Kaohsiung,1970-06-22
Person 1506,UX Designer,Taichung,1971-07-23
Person 1507,Data Analyst,Tainan,1972-08-24
Person 1508,Frontend Engineer,Hsinchu,1973-09-25
Person 1509,QA Engineer,Keelung,1974-10-26
Person 1510,DevOps Engineer,Chiayi,1975-11-27
Person 1511,Technical Writer,Miaoli,1976-12-28
Person 1512,Backend Engineer,Taipei,1977-01-01
Person 1513,Product Manager,Kaohsiung,1978-02-02
Person 1514,UX Designer,Taichung,1979-03-03
Person 1515,Data Analyst,Tainan,1980-04-04
Person 1516,Frontend Engineer,Hsinchu,1981-05-05
Person 1517,QA Engineer,Keelung,1982-06-06
Person 1518,DevOps Engineer,Chiayi,1983-07-07
Person 1519,Technical Writer,Miaoli,1984-08-08
Person 1520,Backend Engineer,Taipei,1985-09-09
Person 1521,Product Manager,Kaohsiung,1986-10-10
Person 1522,UX Designer,Taichung,1987-11-11
Person 1523,Data Analyst,Tainan,1988-12-12
Person 1524,Frontend Engineer,Hsinchu,1989-01-13
Person 1525,QA Engineer,Keelung,1990-02-14
Person 1526,DevOps Engineer,Chiayi,1991-03-15
Person 1527,Technical Writer,Miaoli,1992-04-16
Person 1528,Backend Engineer,Taipei,1993-05-17
Person 1529,Product Manager,Kaohsiung,1994-06-18
Person 1530,UX Designer,Taichung,1995-07-19
Person 1531,Data Analyst,Tainan,1996-08-20
Person 1532,Frontend Engineer,Hsinchu,1997-09-21
Person 1533,QA Engineer,Keelung,1998-10-22
Person 1534,DevOps Engineer,Chiayi,1999-11-23
Person 1535,Technical Writer,Miaoli,2000-12-24
Person 1536,Backend Engineer,Taipei,2001-01-25
Person 1537,Product Manager,Kaohsiung,2002-02-26
Person 1538,UX Designer,Taichung,2003-03-27
Person 1539,Data Analyst,Tainan,2004-04-28
Person 1540,Frontend Engineer,Hsinchu,1970-05-01
Person 1541,QA Engineer,Keelung,1971-06-02
Person 1542,DevOps Engineer,Chiayi,1972-07-03
Person 1543,Technical Writer,Miaoli,1973-08-04
Person 1544,Backend Engineer,Taipei,1974-09-05
Person 1545,Product Manager,Kaohsiung,1975-10-06
Person 1546,UX Designer,Taichung,1976-11-07
Person 1547,Data Analyst,Tainan,1977-12-08
Person 1548,Frontend Engineer,Hsinchu,1978-01-09
Person 1549,QA Engineer,Keelung,1979-02-10
Person 1550,DevOps Engineer,Chiayi,1980-03-11
Person 1551,Technical Writer,Miaoli,1981-04-12
Person 1552,Backend Engineer,Taipei,1982-05-13
Person 1553,Product Manager,Kaohsiung,1983-06-14
Person 1554,UX Designer,Taichung,1984-07-15
Person 1555,Data Analyst,Tainan,1985-08-16
Person 1556,Frontend Engineer,Hsinchu,1986-09-17
Person 1557,QA Engineer,Keelung,1987-10-18
Person 1558,DevOps Engineer,Chiayi,1988-11-19
Person 1559,Technical Writer,Miaoli,1989-12-20
Person 1560,Backend Engineer,Taipei,1990-01-21
Person 1561,Product Manager,Kaohsiung,1991-02-22
Person 1562,UX Designer,Taichung,1992-03-23
Person 1563,Data Analyst,Tainan,1993-04-24
Person 1564,Frontend Engineer,Hsinchu,1994-05-25
Person 1565,QA Engineer,Keelung,1995-06-26
Person 1566,DevOps Engineer,Chiayi,1996-07-27
Person 1567,Technical Writer,Miaoli,1997-08-28
Person 1568,Backend Engineer,Taipei,1998-09-01
Person 1569,Product Manager,Kaohsiung,1999-10-02
Person 1570,UX Designer,Taichung,2000-11-03
Person 1571,Data Analyst,Tainan,2001-12-04
Person 1572,Frontend Engineer,Hsinchu,2002-01-05
Person 1573,QA Engineer,Keelung,2003-02-06
Person 1574,DevOps Engineer,Chiayi,2004-03-07
Person 1575,Technical Writer,Miaoli,1970-04-08
Person 1576,Backend Engineer,Taipei,1971-05-09
Person 1577,Product Manager,Kaohsiung,1972-06-10
Person 1578,UX Designer,Taichung,1973-07-11
Person 1579,Data Analyst,Tainan,1974-08-12
Person 1580,Frontend Engineer,Hsinchu,1975-09-13
Person 1581,QA Engineer,Keelung,1976-10-14
Person 1582,DevOps Engineer,Chiayi,1977-11-15
Person 1583,Technical Writer,Miaoli,1978-12-16
Person 1584,Backend Engineer,Taipei,1979-01-17
Person 1585,Product Manager,Kaohsiung,1980-02-18
Person 1586,UX Designer,Taichung,1981-03-19
Person 1587,Data Analyst,Tainan,1982-04-20
Person 1588,Frontend Engineer,Hsinchu,1983-05-21
Person 1589,QA Engineer,Keelung,1984-06-22
Person 1590,DevOps Engineer,Chiayi,1985-07-23
Person 1591,Technical Writer,Miaoli,1986-08-24
Person 1592,Backend Engineer,Taipei,1987-09-25
Person 1593,Product Manager,Kaohsiung,1988-10-26
Person 1594,UX Designer,Taichung,1989-11-27
Person 1595,Data Analyst,Tainan,1990-12-28
Person 1596,Frontend Engineer,Hsinchu,1991-01-01
Person 1597,QA Engineer,Keelung,1992-02-02
Person 1598,DevOps Engineer,Chiayi,1993-03-03
Person 1599,Technical Writer,Miaoli,1994-04-04
Person 1600,Backend Engineer,Taipei,1995-05-05
Person 1601,Product Manager,Kaohsiung,1996-06-06
Person 1602,UX Designer,Taichung,1997-07-07
Person 1603,Data Analyst,Tainan,1998-08-08
Person 1604,Frontend Engineer,Hsinchu,1999-09-09
Person 1605,QA Engineer,Keelung,2000-10-10
Person 1606,DevOps Engineer,Chiayi,2001-11-11
Person 1607,Technical Writer,Miaoli,2002-12-12
Person 1608,Backend Engineer,Taipei,2003-01-13
Person 1609,Product Manager,Kaohsiung,2004-02-14
Person 1610,UX Designer,Taichung,1970-03-15
Person 1611,Data Analyst,Tainan,1971-04-16
Person 1612,Frontend Engineer,Hsinchu,1972-05-17
Person 1613,QA Engineer,Keelung,1973-06-18
Person 1614,DevOps Engineer,Chiayi,1974-07-19
Person 1615,Technical Writer,Miaoli,1975-08-20
Person 1616,Backend Engineer,Taipei,1976-09-21
Person 1617,Product Manager,Kaohsiung,1977-10-22
Person 1618,UX Designer,Taichung,1978-11-23
Person 1619,Data Analyst,Tainan,1979-12-24
Person 1620,Frontend Engineer,Hsinchu,1980-01-25
Person 1621,QA Engineer,Keelung,1981-02-26
Person 1622,DevOps Engineer,Chiayi,1982-03-27
Person 1623,Technical Writer,Miaoli,1983-04-28
Person 1624,Backend Engineer,Taipei,1984-05-01
Person 1625,Product Manager,Kaohsiung,1985-06-02
Person 1626,UX Designer,Taichung,1986-07-03
Person 1627,Data Analyst,Tainan,1987-08-04
Person 1628,Frontend Engineer,Hsinchu,1988-09-05
Person 1629,QA Engineer,Keelung,1989-10-06
Person 1630,DevOps Engineer,Chiayi,1990-11-07
Person 1631,Technical Writer,Miaoli,1991-12-08
Person 1632,Backend Engineer,Taipei,1992-01-09
Person 1633,Product Manager,Kaohsiung,1993-02-10
Person 1634,UX Designer,Taichung,1994-03-11
Person 1635,Data Analyst,Tainan,1995-04-12
Person 1636,Frontend Engineer,Hsinchu,1996-05-13
Person 1637,QA Engineer,Keelung,1997-06-14
Person 1638,DevOps Engineer,Chiayi,1998-07-15
Person 1639,Technical Writer,Miaoli,1999-08-16
Person 1640,Backend Engineer,Taipei,2000-09-17
Person 1641,Product Manager,Kaohsiung,2001-10-18
Person 1642,UX Designer,Taichung,2002-11-19
Person 1643,Data Analyst,Tainan,2003-12-20
Person 1644,Frontend Engineer,Hsinchu,2004-01-21
Person 1645,QA Engineer,Keelung,1970-02-22
Person 1646,DevOps Engineer,Chiayi,1971-03-23
Person 1647,Technical Writer,Miaoli,1972-04-24
Person 1648,Backend Engineer,Taipei,1973-05-25
Person 1649,Product Manager,Kaohsiung,1974-06-26
Person 1650,UX Designer,Taichung,1975-07-27
Person 1651,Data Analyst,Tainan,1976-08-28
Person 1652,Frontend Engineer,Hsinchu,1977-09-01
Person 1653,QA Engineer,Keelung,1978-10-02
Person 1654,DevOps Engineer,Chiayi,1979-11-03
Person 1655,Technical Writer,Miaoli,1980-12-04
Person 1656,Backend Engineer,Taipei,1981-01-05
Person 1657,Product Manager,Kaohsiung,1982-02-06
Person 1658,UX Designer,Taichung,1983-03-07
Person 1659,Data Analyst,Tainan,1984-04-08
Person 1660,Frontend Engineer,Hsinchu,1985-05-09
Person 1661,QA Engineer,Keelung,1986-06-10
Person 1662,DevOps Engineer,Chiayi,1987-07-11
Person 1663,Technical Writer,Miaoli,1988-08-12
Person 1664,Backend Engineer,Taipei,1989-09-13
Person 1665,Product Manager,Kaohsiung,1990-10-14
Person 1666,UX Designer,Taichung,1991-11-15
Person 1667,Data Analyst,Tainan,1992-12-16
Person 1668,Frontend Engineer,Hsinchu,1993-01-17
Person 1669,QA Engineer,Keelung,1994-02-18
Person 1670,DevOps Engineer,Chiayi,1995-03-19
Person 1671,Technical Writer,Miaoli,1996-04-20
Person 1672,Backend Engineer,Taipei,1997-05-21
Person 1673,Product Manager,Kaohsiung,1998-06-22
Person 1674,UX Designer,Taichung,1999-07-23
Person 1675,Data Analyst,Tainan,2000-08-24
Person 1676,Frontend Engineer,Hsinchu,2001-09-25
Person 1677,QA Engineer,Keelung,2002-10-26
Person 1678,DevOps Engineer,Chiayi,2003-11-27
Person 1679,Technical Writer,Miaoli,2004-12-28
Person 1680,Backend Engineer,Taipei,1970-01-01
Person 1681,Product Manager,Kaohsiung,1971-02-02
Person 1682,UX Designer,Taichung,1972-03-03
Person 1683,Data Analyst,Tainan,1973-04-04
Person 1684,Frontend Engineer,Hsinchu,1974-05-05
Person 1685,QA Engineer,Keelung,1975-06-06
Person 1686,DevOps Engineer,Chiayi,1976-07-07
Person 1687,Technical Writer,Miaoli,1977-08-08
Person 1688,Backend Engineer,Taipei,1978-09-09
Person 1689,Product Manager,Kaohsiung,1979-10-10
Person 1690,UX Designer,Taichung,1980-11-11
Person 1691,Data Analyst,Tainan,1981-12-12
Person 1692,Frontend Engineer,Hsinchu,1982-01-13
Person 1693,QA Engineer,Keelung,1983-02-14
Person 1694,DevOps Engineer,Chiayi,1984-03-15
Person 1695,Technical Writer,Miaoli,1985-04-16
Person 1696,Backend Engineer,Taipei,1986-05-17
Person 1697,Product Manager,Kaohsiung,1987-06-18
Person 1698,UX Designer,Taichung,1988-07-19
Person 1699,Data Analyst,Tainan,1989-08-20
Person 1700,Frontend Engineer,Hsinchu,1990-09-21
Person 1701,QA Engineer,Keelung,1991-10-22
Person 1702,DevOps Engineer,Chiayi,1992-11-23
Person 1703,Technical Writer,Miaoli,1993-12-24
Person 1704,Backend Engineer,Taipei,1994-01-25
Person 1705,Product Manager,Kaohsiung,1995-02-26
Person 1706,UX Designer,Taichung,1996-03-27
Person 1707,Data Analyst,Tainan,1997-04-28
Person 1708,Frontend Engineer,Hsinchu,1998-05-01
Person 1709,QA Engineer,Keelung,1999-06-02
Person 1710,DevOps Engineer,Chiayi,2000-07-03
Person 1711,Technical Writer,Miaoli,2001-08-04
Person 1712,Backend Engineer,Taipei,2002-09-05
Person 1713,Product Manager,Kaohsiung,2003-10-06
Person 1714,UX Designer,Taichung,2004-11-07
Person 1715,Data Analyst,Tainan,1970-12-08
Person 1716,Frontend Engineer,Hsinchu,1971-01-09
Person 1717,QA Engineer,Keelung,1972-02-10
Person 1718,DevOps Engineer,Chiayi,1973-03-11
Person 1719,Technical Writer,Miaoli,1974-04-12
Person 1720,Backend Engineer,Taipei,1975-05-13
Person 1721,Product Manager,Kaohsiung,1976-06-14
Person 1722,UX Designer,Taichung,1977-07-15
Person 1723,Data Analyst,Tainan,1978-08-16
Person 1724,Frontend Engineer,Hsinchu,1979-09-17
Person 1725,QA Engineer,Keelung,1980-10-18
Person 1726,DevOps Engineer,Chiayi,1981-11-19
Person 1727,Technical Writer,Miaoli,1982-12-20
Person 1728,Backend Engineer,Taipei,1983-01-21
Person 1729,Product Manager,Kaohsiung,1984-02-22
Person 1730,UX Designer,Taichung,1985-03-23
Person 1731,Data Analyst,Tainan,1986-04-24
Person 1732,Frontend Engineer,Hsinchu,1987-05-25
Person 1733,QA Engineer,Keelung,1988-06-26
Person 1734,DevOps Engineer,Chiayi,1989-07-27
Person 1735,Technical Writer,Miaoli,1990-08-28
Person 1736,Backend Engineer,Taipei,1991-09-01
Person 1737,Product Manager,Kaohsiung,1992-10-02
Person 1738,UX Designer,Taichung,1993-11-03
Person 1739,Data Analyst,Tainan,1994-12-04
Person 1740,Frontend Engineer,Hsinchu,1995-01-05
Person 1741,QA Engineer,Keelung,1996-02-06
Person 1742,DevOps Engineer,Chiayi,1997-03-07
Person 1743,Technical Writer,Miaoli,1998-04-08
Person 1744,Backend Engineer,Taipei,1999-05-09
Person 1745,Product Manager,Kaohsiung,2000-06-10
Person 1746,UX Designer,Taichung,2001-07-11
Person 1747,Data Analyst,Tainan,2002-08-12
Person 1748,Frontend Engineer,Hsinchu,2003-09-13
Person 1749,QA Engineer,Keelung,2004-10-14
Person 1750,DevOps Engineer,Chiayi,1970-11-15
Person 1751,Technical Writer,Miaoli,1971-12-16
Person 1752,Backend Engineer,Taipei,1972-01-17
Person 1753,Product Manager,Kaohsiung,1973-02-18
Person 1754,UX Designer,Taichung,1974-03-19
Person 1755,Data Analyst,Tainan,1975-04-20
Person 1756,Frontend Engineer,Hsinchu,1976-05-21
Person 1757,QA Engineer,Keelung,1977-06-22
Person 1758,DevOps Engineer,Chiayi,1978-07-23
Person 1759,Technical Writer,Miaoli,1979-08-24
Person 1760,Backend Engineer,Taipei,1980-09-25
Person 1761,Product Manager,Kaohsiung,1981-10-26
Person 1762,UX Designer,Taichung,1982-11-27
Person 1763,Data Analyst,Tainan,1983-12-28
Person 1764,Frontend Engineer,Hsinchu,1984-01-01
Person 1765,QA Engineer,Keelung,1985-02-02
Person 1766,DevOps Engineer,Chiayi,1986-03-03
Person 1767,Technical Writer,Miaoli,1987-04-04
Person 1768,Backend Engineer,Taipei,1988-05-05
Person 1769,Product Manager,Kaohsiung,1989-06-06
Person 1770,UX Designer,Taichung,1990-07-07
Person 1771,Data Analyst,Tainan,1991-08-08
Person 1772,Frontend Engineer,Hsinchu,1992-09-09
Person 1773,QA Engineer,Keelung,1993-10-10
Person 1774,DevOps Engineer,Chiayi,1994-11-11
Person 1775,Technical Writer,Miaoli,1995-12-12
Person 1776,Backend Engineer,Taipei,1996-01-13
Person 1777,Product Manager,Kaohsiung,1997-02-14
Person 1778,UX Designer,Taichung,1998-03-15
Person 1779,Data Analyst,Tainan,1999-04-16
Person 1780,Frontend Engineer,Hsinchu,2000-05-17
Person 1781,QA Engineer,Keelung,2001-06-18
Person 1782,DevOps Engineer,Chiayi,2002-07-19
Person 1783,Technical Writer,Miaoli,2003-08-20
Person 1784,Backend Engineer,Taipei,2004-09-21
Person 1785,Product Manager,Kaohsiung,1970-10-22
Person 1786,UX Designer,Taichung,1971-11-23
Person 1787,Data Analyst,Tainan,1972-12-24
Person 1788,Frontend Engineer,Hsinchu,1973-01-25
Person 1789,QA Engineer,Keelung,1974-02-26
Person 1790,DevOps Engineer,Chiayi,1975-03-27
Person 1791,Technical Writer,Miaoli,1976-04-28
Person 1792,Backend Engineer,Taipei,1977-05-01
Person 1793,Product Manager,Kaohsiung,1978-06-02
Person 1794,UX Designer,Taichung,1979-07-03
Person 1795,Data Analyst,Tainan,1980-08-04
Person 1796,Frontend Engineer,Hsinchu,1981-09-05
Person 1797,QA Engineer,Keelung,1982-10-06
Person 1798,DevOps Engineer,Chiayi,1983-11-07
Person 1799,Technical Writer,Miaoli,1984-12-08
Person 1800,Backend Engineer,Taipei,1985-01-09
Person 1801,Product Manager,Kaohsiung,1986-02-10
Person 1802,UX Designer,Taichung,1987-03-11
Person 1803,Data Analyst,Tainan,1988-04-12
Person 1804,Frontend Engineer,Hsinchu,1989-05-13
Person 1805,QA Engineer,Keelung,1990-06-14
Person 1806,DevOps Engineer,Chiayi,1991-07-15
Person 1807,Technical Writer,Miaoli,1992-08-16
Person 1808,Backend Engineer,Taipei,1993-09-17
Person 1809,Product Manager,Kaohsiung,1994-10-18
Person 1810,UX Designer,Taichung,1995-11-19
Person 1811,Data Analyst,Tainan,1996-12-20
Person 1812,Frontend Engineer,Hsinchu,1997-01-21
Person 1813,QA Engineer,Keelung,1998-02-22
Person 1814,DevOps Engineer,Chiayi,1999-03-23
Person 1815,Technical Writer,Miaoli,2000-04-24
Person 1816,Backend Engineer,Taipei,2001-05-25
Person 1817,Product Manager,Kaohsiung,2002-06-26
Person 1818,UX Designer,Taichung,2003-07-27
Person 1819,Data Analyst,Tainan,2004-08-28
Person 1820,Frontend Engineer,Hsinchu,1970-09-01
Person 1821,QA Engineer,Keelung,1971-10-02
Person 1822,DevOps Engineer,Chiayi,1972-11-03
Person 1823,Technical Writer,Miaoli,1973-12-04
Person 1824,Backend Engineer,Taipei,1974-01-05
Person 1825,Product Manager,Kaohsiung,1975-02-06
Person 1826,UX Designer,Taichung,1976-03-07
Person 1827,Data Analyst,Tainan,1977-04-08
Person 1828,Frontend Engineer,Hsinchu,1978-05-09
Person 1829,QA Engineer,Keelung,1979-06-10
Person 1830,DevOps Engineer,Chiayi,1980-07-11
Person 1831,Technical Writer,Miaoli,1981-08-12
Person 1832,Backend Engineer,Taipei,1982-09-13
Person 1833,Product Manager,Kaohsiung,1983-10-14
Person 1834,UX Designer,Taichung,1984-11-15
Person 1835,Data Analyst,Tainan,1985-12-16
Person 1836,Frontend Engineer,Hsinchu,1986-01-17
Person 1837,QA Engineer,Keelung,1987-02-18
Person 1838,DevOps Engineer,Chiayi,1988-03-19
Person 1839,Technical Writer,Miaoli,1989-04-20
Person 1840,Backend Engineer,Taipei,1990-05-21
Person 1841,Product Manager,Kaohsiung,1991-06-22
Person 1842,UX Designer,Taichung,1992-07-23
Person 1843,Data Analyst,Tainan,1993-08-24
Person 1844,Frontend Engineer,Hsinchu,1994-09-25
Person 1845,QA Engineer,Keelung,1995-10-26
Person 1846,DevOps Engineer,Chiayi,1996-11-27
Person 1847,Technical Writer,Miaoli,1997-12-28
Person 1848,Backend Engineer,Taipei,1998-01-01
Person 1849,Product Manager,Kaohsiung,1999-02-02
Person 1850,UX Designer,Taichung,2000-03-03
Person 1851,Data Analyst,Tainan,2001-04-04
Person 1852,Frontend Engineer,Hsinchu,2002-05-05
Person 1853,QA Engineer,Keelung,2003-06-06
Person 1854,DevOps Engineer,Chiayi,2004-07-07
Person 1855,Technical Writer,Miaoli,1970-08-08
Person 1856,Backend Engineer,Taipei,1971-09-09
Person 1857,Product Manager,Kaohsiung,1972-10-10
Person 1858,UX Designer,Taichung,1973-11-11
Person 1859,Data Analyst,Tainan,1974-12-12
Person 1860,Frontend Engineer,Hsinchu,1975-01-13
Person 1861,QA Engineer,Keelung,1976-02-14
Person 1862,DevOps Engineer,Chiayi,1977-03-15
Person 1863,Technical Writer,Miaoli,1978-04-16
Person 1864,Backend Engineer,Taipei,1979-05-17
Person 1865,Product Manager,Kaohsiung,1980-06-18
Person 1866,UX Designer,Taichung,1981-07-19
Person 1867,Data Analyst,Tainan,1982-08-20
Person 1868,Frontend Engineer,Hsinchu,1983-09-21
Person 1869,QA Engineer,Keelung,1984-10-22
Person 1870,DevOps Engineer,Chiayi,1985-11-23
Person 1871,Technical Writer,Miaoli,1986-12-24
Person 1872,Backend Engineer,Taipei,1987-01-25
Person 1873,Product Manager,Kaohsiung,1988-02-26
Person 1874,UX Designer,Taichung,1989-03-27
Person 1875,Data Analyst,Tainan,1990-04-28
Person 1876,Frontend Engineer,Hsinchu,1991-05-01
Person 1877,QA Engineer,Keelung,1992-06-02
Person 1878,DevOps Engineer,Chiayi,1993-07-03
Person 1879,Technical Writer,Miaoli,1994-08-04
Person 1880,Backend Engineer,Taipei,1995-09-05
Person 1881,Product Manager,Kaohsiung,1996-10-06
Person 1882,UX Designer,Taichung,1997-11-07
Person 1883,Data Analyst,Tainan,1998-12-08
Person 1884,Frontend Engineer,Hsinchu,1999-01-09
Person 1885,QA Engineer,Keelung,2000-02-10
Person 1886,DevOps Engineer,Chiayi,2001-03-11
Person 1887,Technical Writer,Miaoli,2002-04-12
Person 1888,Backend Engineer,Taipei,2003-05-13
Person 1889,Product Manager,Kaohsiung,2004-06-14
Person 1890,UX Designer,Taichung,1970-07-15
Person 1891,Data Analyst,Tainan,1971-08-16
Person 1892,Frontend Engineer,Hsinchu,1972-09-17
Person 1893,QA Engineer,Keelung,1973-10-18
Person 1894,DevOps Engineer,Chiayi,1974-11-19
Person 1895,Technical Writer,Miaoli,1975-12-20
Person 1896,Backend Engineer,Taipei,1976-01-21
Person 1897,Product Manager,Kaohsiung,1977-02-22
Person 1898,UX Designer,Taichung,1978-03-23
Person 1899,Data Analyst,Tainan,1979-04-24
Person 1900,Frontend Engineer,Hsinchu,1980-05-25
Person 1901,QA Engineer,Keelung,1981-06-26
Person 1902,DevOps Engineer,Chiayi,1982-07-27
Person 1903,Technical Writer,Miaoli,1983-08-28
Person 1904,Backend Engineer,Taipei,1984-09-01
Person 1905,Product Manager,Kaohsiung,1985-10-02
Person 1906,UX Designer,Taichung,1986-11-03
Person 1907,Data Analyst,Tainan,1987-12-04
Person 1908,Frontend Engineer,Hsinchu,1988-01-05
Person 1909,QA Engineer,Keelung,1989-02-06
Person 1910,DevOps Engineer,Chiayi,1990-03-07
Person 1911,Technical Writer,Miaoli,1991-04-08
Person 1912,Backend Engineer,Taipei,1992-05-09
Person 1913,Product Manager,Kaohsiung,1993-06-10
Person 1914,UX Designer,Taichung,1994-07-11
Person 1915,Data Analyst,Tainan,1995-08-12
Person 1916,Frontend Engineer,Hsinchu,1996-09-13
Person 1917,QA Engineer,Keelung,1997-10-14
Person 1918,DevOps Engineer,Chiayi,1998-11-15
Person 1919,Technical Writer,Miaoli,1999-12-16
Person 1920,Backend Engineer,Taipei,2000-01-17
Person 1921,Product Manager,Kaohsiung,2001-02-18
Person 1922,UX Designer,Taichung,2002-03-19
Person 1923,Data Analyst,Tainan,2003-04-20
Person 1924,Frontend Engineer,Hsinchu,2004-05-21
Person 1925,QA Engineer,Keelung,1970-06-22
Person 1926,DevOps Engineer,Chiayi,1971-07-23
Person 1927,Technical Writer,Miaoli,1972-08-24
Person 1928,Backend Engineer,Taipei,1973-09-25
Person 1929,Product Manager,Kaohsiung,1974-10-26
Person 1930,UX Designer,Taichung,1975-11-27
Person 1931,Data Analyst,Tainan,1976-12-28
Person 1932,Frontend Engineer,Hsinchu,1977-01-01
Person 1933,QA Engineer,Keelung,1978-02-02
Person 1934,DevOps Engineer,Chiayi,1979-03-03
Person 1935,Technical Writer,Miaoli,1980-04-04
Person 1936,Backend Engineer,Taipei,1981-05-05
Person 1937,Product Manager,Kaohsiung,1982-06-06
Person 1938,UX Designer,Taichung,1983-07-07
Person 1939,Data Analyst,Tainan,1984-08-08
Person 1940,Frontend Engineer,Hsinchu,1985-09-09
Person 1941,QA Engineer,Keelung,1986-10-10
Person 1942,DevOps Engineer,Chiayi,1987-11-11
Person 1943,Technical Writer,Miaoli,1988-12-12
Person 1944,Backend Engineer,Taipei,1989-01-13
Person 1945,Product Manager,Kaohsiung,1990-02-14
Person 1946,UX Designer,Taichung,1991-03-15
Person 1947,Data Analyst,Tainan,1992-04-16
Person 1948,Frontend Engineer,Hsinchu,1993-05-17
Person 1949,QA Engineer,Keelung,1994-06-18
Person 1950,DevOps Engineer,Chiayi,1995-07-19
Person 1951,Technical Writer,Miaoli,1996-08-20
Person 1952,Backend Engineer,Taipei,1997-09-21
Person 1953,Product Manager,Kaohsiung,1998-10-22
Person 1954,UX Designer,Taichung,1999-11-23
Person 1955,Data Analyst,Tainan,2000-12-24
Person 1956,Frontend Engineer,Hsinchu,2001-01-25
Person 1957,QA Engineer,Keelung,2002-02-26
Person 1958,DevOps Engineer,Chiayi,2003-03-27
Person 1959,Technical Writer,Miaoli,2004-04-28
Person 1960,Backend Engineer,Taipei,1970-05-01
Person 1961,Product Manager,Kaohsiung,1971-06-02
Person 1962,UX Designer,Taichung,1972-07-03
Person 1963,Data Analyst,Tainan,1973-08-04
Person 1964,Frontend Engineer,Hsinchu,1974-09-05
Person 1965,QA Engineer,Keelung,1975-10-06
Person 1966,DevOps Engineer,Chiayi,1976-11-07
Person 1967,Technical Writer,Miaoli,1977-12-08
Person 1968,Backend Engineer,Taipei,1978-01-09
Person 1969,Product Manager,Kaohsiung,1979-02-10
Person 1970,UX Designer,Taichung,1980-03-11
Person 1971,Data Analyst,Tainan,1981-04-12
Person 1972,Frontend Engineer,Hsinchu,1982-05-13
Person 1973,QA Engineer,Keelung,1983-06-14
Person 1974,DevOps Engineer,Chiayi,1984-07-15
Person 1975,Technical Writer,Miaoli,1985-08-16
Person 1976,Backend Engineer,Taipei,1986-09-17
Person 1977,Product Manager,Kaohsiung,1987-10-18
Person 1978,UX Designer,Taichung,1988-11-19
Person 1979,Data Analyst,Tainan,1989-12-20
Person 1980,Frontend Engineer,Hsinchu,1990-01-21
Person 1981,QA Engineer,Keelung,1991-02-22
Person 1982,DevOps Engineer,Chiayi,1992-03-23
Person 1983,Technical Writer,Miaoli,1993-04-24
Person 1984,Backend Engineer,Taipei,1994-05-25
Person 1985,Product Manager,Kaohsiung,1995-06-26
Person 1986,UX Designer,Taichung,1996-07-27
Person 1987,Data Analyst,Tainan,1997-08-28
Person 1988,Frontend Engineer,Hsinchu,1998-09-01
Person 1989,QA Engineer,Keelung,1999-10-02
Person 1990,DevOps Engineer,Chiayi,2000-11-03
Person 1991,Technical Writer,Miaoli,2001-12-04
Person 1992,Backend Engineer,Taipei,2002-01-05
Person 1993,Product Manager,Kaohsiung,2003-02-06
Person 1994,UX Designer,Taichung,2004-03-07
Person 1995,Data Analyst,Tainan,1970-04-08
Person 1996,Frontend Engineer,Hsinchu,1971-05-09
Person 1997,QA Engineer,Keelung,1972-06-10
Person 1998,DevOps Engineer,Chiayi,1973-07-11
Person 1999,Technical Writer,Miaoli,1974-08-12
Person 2000,Backend Engineer,Taipei,1975-09-13
